Time,Indicator,Employment Status,Indicator Status,Location,Amount,Unemployment Rate,,,,
,Change,,Total Population,"Montgomery County, Maryland",12827,,,,,
,Change,,Median Household Income,"Montgomery County, Maryland",2826,,,,,
2017,Employment Status By Disability Status,Employed,Disabled,"Montgomery County, Maryland",17985,,,,,
2017,Employment Status By Disability Status,Employed,Non Disabled,"Montgomery County, Maryland",493458,,,,,
2017,Employment Status By Disability Status,Unemployed,Disabled,"Montgomery County, Maryland",2818,,,,,
2017,Employment Status By Disability Status,Unemployed,Non Disabled,"Montgomery County, Maryland",26366,,,,,
2017,Employment Status By Disability Status,Labor Force,Disabled,"Montgomery County, Maryland",20803,,,,,
2017,Employment Status By Disability Status,Labor Force,Non Disabled,"Montgomery County, Maryland",519824,,,,,
2016,Employment Status By Disability Status,Employed,Disabled,"Montgomery County, Maryland",17383,,,,,
2016,Employment Status By Disability Status,Employed,Non Disabled,"Montgomery County, Maryland",488382,,,,,
2016,Employment Status By Disability Status,Unemployed,Disabled,"Montgomery County, Maryland",2800,,,,,
2016,Employment Status By Disability Status,Unemployed,Non Disabled,"Montgomery County, Maryland",27953,,,,,
2016,Employment Status By Disability Status,Labor Force,Disabled,"Montgomery County, Maryland",20183,,,,,
2016,Employment Status By Disability Status,Labor Force,Non Disabled,"Montgomery County, Maryland",516335,,,,,
2015,Employment Status By Disability Status,Employed,Disabled,"Montgomery County, Maryland",16383,,,,,
2015,Employment Status By Disability Status,Employed,Non Disabled,"Montgomery County, Maryland",486729,,,,,
2015,Employment Status By Disability Status,Unemployed,Disabled,"Montgomery County, Maryland",2784,,,,,
2015,Employment Status By Disability Status,Unemployed,Non Disabled,"Montgomery County, Maryland",28836,,,,,
2015,Employment Status By Disability Status,Labor Force,Disabled,"Montgomery County, Maryland",19167,,,,,
2015,Employment Status By Disability Status,Labor Force,Non Disabled,"Montgomery County, Maryland",515565,,,,,
2017,Employment Status By Education,Employed,Less than Highschool,"Montgomery County, Maryland",34943,,,,,
2017,Employment Status By Education,Employed,Highschool,"Montgomery County, Maryland",56477,,,,,
2017,Employment Status By Education,Employed,Some College,"Montgomery County, Maryland",85757,,,,,
2017,Employment Status By Education,Employed,Bachelor's or Higher,"Montgomery County, Maryland",285794,,,,,
2017,Employment Status By Education,Unemployed,Less than Highschool,"Montgomery County, Maryland",2713,,,,,
2017,Employment Status By Education,Unemployed,Highschool,"Montgomery County, Maryland",4732,,,,,
2017,Employment Status By Education,Unemployed,Some College,"Montgomery County, Maryland",5050,,,,,
2017,Employment Status By Education,Unemployed,Bachelor's or Higher,"Montgomery County, Maryland",9165,,,,,
2017,Employment Status By Education,NIL,Less than Highschool,"Montgomery County, Maryland",10219,,,,,
2017,Employment Status By Education,NIL,Highschool,"Montgomery County, Maryland",14198,,,,,
2017,Employment Status By Education,NIL,Some College,"Montgomery County, Maryland",16341,,,,,
2017,Employment Status By Education,NIL,Bachelor's or Higher,"Montgomery County, Maryland",38991,,,,,
2016,Employment Status By Education,Employed,Less than Highschool,"Montgomery County, Maryland",34038,,,,,
2016,Employment Status By Education,Employed,Highschool,"Montgomery County, Maryland",57228,,,,,
2016,Employment Status By Education,Employed,Some College,"Montgomery County, Maryland",84958,,,,,
2016,Employment Status By Education,Employed,Bachelor's or Higher,"Montgomery County, Maryland",282522,,,,,
2016,Employment Status By Education,Unemployed,Less than Highschool,"Montgomery County, Maryland",3098,,,,,
2016,Employment Status By Education,Unemployed,Highschool,"Montgomery County, Maryland",4888,,,,,
2016,Employment Status By Education,Unemployed,Some College,"Montgomery County, Maryland",5442,,,,,
2016,Employment Status By Education,Unemployed,Bachelor's or Higher,"Montgomery County, Maryland",9246,,,,,
2016,Employment Status By Education,NIL,Less than Highschool,"Montgomery County, Maryland",9729,,,,,
2016,Employment Status By Education,NIL,Highschool,"Montgomery County, Maryland",14119,,,,,
2016,Employment Status By Education,NIL,Some College,"Montgomery County, Maryland",16848,,,,,
2016,Employment Status By Education,NIL,Bachelor's or Higher,"Montgomery County, Maryland",38749,,,,,
2015,Employment Status By Education,Employed,Less than Highschool,"Montgomery County, Maryland",33597,,,,,
2015,Employment Status By Education,Employed,Highschool,"Montgomery County, Maryland",55780,,,,,
2015,Employment Status By Education,Employed,Some College,"Montgomery County, Maryland",85912,,,,,
2015,Employment Status By Education,Employed,Bachelor's or Higher,"Montgomery County, Maryland",282148,,,,,
2015,Employment Status By Education,Unemployed,Less than Highschool,"Montgomery County, Maryland",3318,,,,,
2015,Employment Status By Education,Unemployed,Highschool,"Montgomery County, Maryland",5292,,,,,
2015,Employment Status By Education,Unemployed,Some College,"Montgomery County, Maryland",5630,,,,,
2015,Employment Status By Education,Unemployed,Bachelor's or Higher,"Montgomery County, Maryland",9528,,,,,
2015,Employment Status By Education,NIL,Less than Highschool,"Montgomery County, Maryland",9581,,,,,
2015,Employment Status By Education,NIL,Highschool,"Montgomery County, Maryland",13660,,,,,
2015,Employment Status By Education,NIL,Some College,"Montgomery County, Maryland",17502,,,,,
2015,Employment Status By Education,NIL,Bachelor's or Higher,"Montgomery County, Maryland",38810,,,,,
2017,Employment Status By Poverty Status,Labor Force,Above Poverty,"Montgomery County, Maryland",560923,,,,,
2017,Employment Status By Poverty Status,Labor Force,Below Poverty,"Montgomery County, Maryland",24826,,,,,
2017,Employment Status By Poverty Status,Employed,Above Poverty,"Montgomery County, Maryland",535318,,,,,
2017,Employment Status By Poverty Status,Employed,Below Poverty,"Montgomery County, Maryland",18601,,,,,
2017,Employment Status By Poverty Status,Unemployed,Above Poverty,"Montgomery County, Maryland",25605,,,,,
2017,Employment Status By Poverty Status,Unemployed,Below Poverty,"Montgomery County, Maryland",6225,,,,,
2016,Employment Status By Poverty Status,Labor Force,Above Poverty,"Montgomery County, Maryland",554136,,,,,
2016,Employment Status By Poverty Status,Labor Force,Below Poverty,"Montgomery County, Maryland",24524,,,,,
2016,Employment Status By Poverty Status,Employed,Above Poverty,"Montgomery County, Maryland",526864,,,,,
2016,Employment Status By Poverty Status,Employed,Below Poverty,"Montgomery County, Maryland",18188,,,,,
2016,Employment Status By Poverty Status,Unemployed,Above Poverty,"Montgomery County, Maryland",27272,,,,,
2016,Employment Status By Poverty Status,Unemployed,Below Poverty,"Montgomery County, Maryland",6336,,,,,
2015,Employment Status By Poverty Status,Labor Force,Above Poverty,"Montgomery County, Maryland",284486,,,,,
2015,Employment Status By Poverty Status,Labor Force,Below Poverty,"Montgomery County, Maryland",24438,,,,,
2015,Employment Status By Poverty Status,Employed,Above Poverty,"Montgomery County, Maryland",270014,,,,,
2015,Employment Status By Poverty Status,Employed,Below Poverty,"Montgomery County, Maryland",17620,,,,,
2015,Employment Status By Poverty Status,Unemployed,Above Poverty,"Montgomery County, Maryland",14472,,,,,
2015,Employment Status By Poverty Status,Unemployed,Below Poverty,"Montgomery County, Maryland",6818,,,,,
2017,Median Household Income,,,"Montgomery County, Maryland",103178,,,,,
2016,Median Household Income,,,"Montgomery County, Maryland",100352,,,,,
2015,Median Household Income,,,"Montgomery County, Maryland",99435,,,,,
2017,Total Population,,,"Montgomery County, Maryland",1039198,,,,,
2016,Total Population,,,"Montgomery County, Maryland",1026371,,,,,
2015,Total Population,,,"Montgomery County, Maryland",1017859,,,,,
2017,Unemployment By Gender,,Male,"Montgomery County, Maryland",4.8,0.048,,,,
2017,Unemployment By Gender,,Female,"Montgomery County, Maryland",5.3,0.053,,,,
2016,Unemployment By Gender,,Male,"Montgomery County, Maryland",5,0.05,,,,
2016,Unemployment By Gender,,Female,"Montgomery County, Maryland",5.7,0.057,,,,
2015,Unemployment By Gender,,Male,"Montgomery County, Maryland",5.2,0.052,,,,
2015,Unemployment By Gender,,Female,"Montgomery County, Maryland",5.9,0.059,,,,
2017,Unemployment By Race,,White,"Montgomery County, Maryland",4,0.04,,,,
2017,Unemployment By Race,,Black,"Montgomery County, Maryland",9,0.09,,,,
2017,Unemployment By Race,,Asian,"Montgomery County, Maryland",4,0.04,,,,
2017,Unemployment By Race,,Hispanic,"Montgomery County, Maryland",6.9,0.069,,,,
2016,Unemployment By Race,,White,"Montgomery County, Maryland",4.3,0.043,,,,
2016,Unemployment By Race,,Black,"Montgomery County, Maryland",9.9,0.099,,,,
2016,Unemployment By Race,,Asian,"Montgomery County, Maryland",4.3,0.043,,,,
2016,Unemployment By Race,,Hispanic,"Montgomery County, Maryland",7.3,0.073,,,,
2015,Unemployment By Race,,White,"Montgomery County, Maryland",4.5,0.045,,,,
2015,Unemployment By Race,,Black,"Montgomery County, Maryland",10.3,0.103,,,,
2015,Unemployment By Race,,Asian,"Montgomery County, Maryland",4.6,0.046,,,,
2015,Unemployment By Race,,Hispanic,"Montgomery County, Maryland",7.8,0.078,,,,
2017,Unemployment By Veteran Status,,Veteran,"Montgomery County, Maryland",3.7,0.037,,,,
2017,Unemployment By Veteran Status,,Non Veteran,"Montgomery County, Maryland",5.4,0.054,,,,
2016,Unemployment By Veteran Status,,Veteran,"Montgomery County, Maryland",,0,,,,
2016,Unemployment By Veteran Status,,Non Veteran,"Montgomery County, Maryland",,0,,,,
2015,Unemployment By Veteran Status,,Veteran,"Montgomery County, Maryland",4.1,0.041,,,,
2015,Unemployment By Veteran Status,,Non Veteran,"Montgomery County, Maryland",5.9,0.059,,,,
2015Q1,Number of TANF Recipient Workers,Employed,,"Montgomery County, Maryland",291,,,,291,
2015Q2,Number of TANF Recipient Workers,Employed,,"Montgomery County, Maryland",264,,,,264,
2015Q3,Number of TANF Recipient Workers,Employed,,"Montgomery County, Maryland",287,,,,287,
2015Q4,Number of TANF Recipient Workers,Employed,,"Montgomery County, Maryland",271,,,,271,
2016Q1,Number of TANF Recipient Workers,Employed,,"Montgomery County, Maryland",210,,,,210,
2016Q2,Number of TANF Recipient Workers,Employed,,"Montgomery County, Maryland",217,,,,217,
2016Q3,Number of TANF Recipient Workers,Employed,,"Montgomery County, Maryland",244,,,,244,
2016Q4,Number of TANF Recipient Workers,Employed,,"Montgomery County, Maryland",255,,,,255,
2015Q1,Percentage of Workforce Training Program/Service Participants in TANF,Employed,,"Montgomery County, Maryland",0.009965,0.01,100,,0.01,
2015Q2,Percentage of Workforce Training Program/Service Participants in TANF,Employed,,"Montgomery County, Maryland",0.009685,0.01,100,,0.01,
2015Q3,Percentage of Workforce Training Program/Service Participants in TANF,Employed,,"Montgomery County, Maryland",0.009636,0.01,100,0.009636,1.00%,
2015Q4,Percentage of Workforce Training Program/Service Participants in TANF,Employed,,"Montgomery County, Maryland",0.007207,0.007,100,0.007207,0.70%,
2016Q1,Percentage of Workforce Training Program/Service Participants in TANF,Employed,,"Montgomery County, Maryland",0.008496,0.008,100,0.008496,0.80%,
2016Q2,Percentage of Workforce Training Program/Service Participants in TANF,Employed,,"Montgomery County, Maryland",0.013924,0.014,100,0.013924,1.40%,
2016Q3,Percentage of Workforce Training Program/Service Participants in TANF,Employed,,"Montgomery County, Maryland",0.013883,0.014,,0.013883,1.40%,
2016Q4,Percentage of Workforce Training Program/Service Participants in TANF,Employed,,"Montgomery County, Maryland",0.009061,0.009,,0.009061,0.90%,
2017Q1,Number of TANF Recipient Workers,Employed,,"Montgomery County, Maryland",223,,,,223,
2017Q2,Number of TANF Recipient Workers,Employed,,"Montgomery County, Maryland",233,,,,233,
2017Q1,Percentage of Workforce Training Program/Service Participants in TANF,Employed,,"Montgomery County, Maryland",0.011713,,,0.011713,1.20%,
2017Q2,Percentage of Workforce Training Program/Service Participants in TANF,Employed,,"Montgomery County, Maryland",0.010654,,,0.010654,1.10%,
2016Q3,Percentage of TANF Recipients among Maryland Workers,Employed,,"Montgomery County, Maryland",0.000527,,,0.000527,0.05%,
2016Q4,Percentage of TANF Recipients among Maryland Workers,Employed,,"Montgomery County, Maryland",0.000539,,,0.000539,0.05%,
2017Q1,Percentage of TANF Recipients among Maryland Workers,Employed,,"Montgomery County, Maryland",0.000478,,,0.000478,0.05%,
2017Q2,Percentage of TANF Recipients among Maryland Workers,Employed,,"Montgomery County, Maryland",0.000489,,,0.000489,0.05%,
2016,Snap Recipient Workers,,,"Montgomery County, Maryland",20030,,,,,
2017,Snap Recipient Workers,,,"Montgomery County, Maryland",20323,,,,,
2018,Snap Recipient Workers,,,"Montgomery County, Maryland",20674,,,,,
2016,Snap Recipient Workers by Percentage,,,"Montgomery County, Maryland",0.0738,7.38,,,,
2017,Snap Recipient Workers by Percentage,,,"Montgomery County, Maryland",0.0749,7.49,,,,
2018,Snap Recipient Workers by Percentage,,,"Montgomery County, Maryland",0.075,7.5,,,,
2015,Work Experience by Gender,Not Working,Male,"Montgomery County, Maryland","376,637",,,,,
2015,Work Experience by Gender,Part Time,Male,"Montgomery County, Maryland","67,954",,,,,
2015,Work Experience by Gender,Full Time,Male,"Montgomery County, Maryland","545,889",,,,,
2015,Work Experience by Gender,Not Working,Female,"Montgomery County, Maryland","478,960",,,,,
2015,Work Experience by Gender,Part Time,Female,"Montgomery County, Maryland","118,248",,,,,
2015,Work Experience by Gender,Full Time,Female,"Montgomery County, Maryland","470,162",,,,,
2016,Work Experience by Gender,Not Working,Male,"Montgomery County, Maryland","375,372",,,,,
2016,Work Experience by Gender,Part Time,Male,"Montgomery County, Maryland","68,391",,,,,
2016,Work Experience by Gender,Full Time,Male,"Montgomery County, Maryland","552,717",,,,,
2016,Work Experience by Gender,Not Working,Female,"Montgomery County, Maryland","488,802",,,,,
2016,Work Experience by Gender,Part Time,Female,"Montgomery County, Maryland","125,203",,,,,
2016,Work Experience by Gender,Full Time,Female,"Montgomery County, Maryland","461,579",,,,,
2017,Work Experience by Gender,Not Working,Male,"Montgomery County, Maryland","385,803",,,,,
2017,Work Experience by Gender,Part Time,Male,"Montgomery County, Maryland","69,152",,,,,
2017,Work Experience by Gender,Full Time,Male,"Montgomery County, Maryland","559,483",,,,,
2017,Work Experience by Gender,Not Working,Female,"Montgomery County, Maryland","484,106",,,,,
2017,Work Experience by Gender,Part Time,Female,"Montgomery County, Maryland","128,756",,,,,
2017,Work Experience by Gender,Full Time,Female,"Montgomery County, Maryland","471,464",,,,,
2015,Work Experience by Race,Not Working,White,"Montgomery County, Maryland","461,372",,,,,
2015,Work Experience by Race,Not Working,Black,"Montgomery County, Maryland","156,563",,,,,
2015,Work Experience by Race,Not Working,American,"Montgomery County, Maryland","2,059",,,,,
2015,Work Experience by Race,Not Working,Chinese,"Montgomery County, Maryland","38,873",,,,,
2015,Work Experience by Race,Not Working,Japanese,"Montgomery County, Maryland","2,877",,,,,
2015,Work Experience by Race,Not Working,Other Asian,"Montgomery County, Maryland","81,077",,,,,
2015,Work Experience by Race,Not Working,Other Race,"Montgomery County, Maryland","67,296",,,,,
2015,Work Experience by Race,Not Working,Two Major Races,"Montgomery County, Maryland","40,942",,,,,
2015,Work Experience by Race,Not Working,Three or More,"Montgomery County, Maryland","4,538",,,,,
2015,Work Experience by Race,Part Time,White,"Montgomery County, Maryland","111,691",,,,,
2015,Work Experience by Race,Part Time,Black,"Montgomery County, Maryland","30,820",,,,,
2015,Work Experience by Race,Part Time,American,"Montgomery County, Maryland","1,388",,,,,
2015,Work Experience by Race,Part Time,Chinese,"Montgomery County, Maryland","5,383",,,,,
2015,Work Experience by Race,Part Time,Japanese,"Montgomery County, Maryland",478,,,,,
2015,Work Experience by Race,Part Time,Other Asian,"Montgomery County, Maryland","15,919",,,,,
2015,Work Experience by Race,Part Time,Other Race,"Montgomery County, Maryland","13,029",,,,,
2015,Work Experience by Race,Part Time,Two Major Races,"Montgomery County, Maryland","6,751",,,,,
2015,Work Experience by Race,Part Time,Three or More,"Montgomery County, Maryland",743,,,,,
2015,Work Experience by Race,Full Time,White,"Montgomery County, Maryland","559,741",,,,,
2015,Work Experience by Race,Full Time,Black,"Montgomery County, Maryland","177,754",,,,,
2015,Work Experience by Race,Full Time,American,"Montgomery County, Maryland","3,932",,,,,
2015,Work Experience by Race,Full Time,Chinese,"Montgomery County, Maryland","46,931",,,,,
2015,Work Experience by Race,Full Time,Japanese,"Montgomery County, Maryland","2,475",,,,,
2015,Work Experience by Race,Full Time,Other Asian,"Montgomery County, Maryland","108,836",,,,,
2015,Work Experience by Race,Full Time,Other Race,"Montgomery County, Maryland","84,976",,,,,
2015,Work Experience by Race,Full Time,Two Major Races,"Montgomery County, Maryland","26,497",,,,,
2015,Work Experience by Race,Full Time,Three or More,"Montgomery County, Maryland","4,909",,,,,
2016,Work Experience by Race,Not Working,White,"Montgomery County, Maryland","467,520",,,,,
2016,Work Experience by Race,Not Working,Black,"Montgomery County, Maryland","155,210",,,,,
2016,Work Experience by Race,Not Working,American,"Montgomery County, Maryland","2,364",,,,,
2016,Work Experience by Race,Not Working,Chinese,"Montgomery County, Maryland","36,663",,,,,
2016,Work Experience by Race,Not Working,Japanese,"Montgomery County, Maryland","3,702",,,,,
2016,Work Experience by Race,Not Working,Other Asian,"Montgomery County, Maryland","86,049",,,,,
2016,Work Experience by Race,Not Working,Other Race,"Montgomery County, Maryland","63,067",,,,,
2016,Work Experience by Race,Not Working,Two Major Races,"Montgomery County, Maryland","44,449",,,,,
2016,Work Experience by Race,Not Working,Three or More,"Montgomery County, Maryland","5,150",,,,,
2016,Work Experience by Race,Part Time,White,"Montgomery County, Maryland","113,362",,,,,
2016,Work Experience by Race,Part Time,Black,"Montgomery County, Maryland","35,478",,,,,
2016,Work Experience by Race,Part Time,American,"Montgomery County, Maryland",701,,,,,
2016,Work Experience by Race,Part Time,Chinese,"Montgomery County, Maryland","6,691",,,,,
2016,Work Experience by Race,Part Time,Japanese,"Montgomery County, Maryland",438,,,,,
2016,Work Experience by Race,Part Time,Other Asian,"Montgomery County, Maryland","16,262",,,,,
2016,Work Experience by Race,Part Time,Other Race,"Montgomery County, Maryland","13,351",,,,,
2016,Work Experience by Race,Part Time,Two Major Races,"Montgomery County, Maryland","6,751",,,,,
2016,Work Experience by Race,Part Time,Three or More,"Montgomery County, Maryland",560,,,,,
2016,Work Experience by Race,Full Time,White,"Montgomery County, Maryland","567,323",,,,,
2016,Work Experience by Race,Full Time,Black,"Montgomery County, Maryland","183,760",,,,,
2016,Work Experience by Race,Full Time,American,"Montgomery County, Maryland","2,642",,,,,
2016,Work Experience by Race,Full Time,Chinese,"Montgomery County, Maryland","45,378",,,,,
2016,Work Experience by Race,Full Time,Japanese,"Montgomery County, Maryland","2,969",,,,,
2016,Work Experience by Race,Full Time,Other Asian,"Montgomery County, Maryland","107,243",,,,,
2016,Work Experience by Race,Full Time,Other Race,"Montgomery County, Maryland","79,549",,,,,
2016,Work Experience by Race,Full Time,Two Major Races,"Montgomery County, Maryland","22,796",,,,,
2016,Work Experience by Race,Full Time,Three or More,"Montgomery County, Maryland","2,636",,,,,
2017,Work Experience by Race,Not Working,White,"Montgomery County, Maryland","449,874",,,,,
2017,Work Experience by Race,Not Working,Black,"Montgomery County, Maryland","161,110",,,,,
2017,Work Experience by Race,Not Working,American,"Montgomery County, Maryland","2,811",,,,,
2017,Work Experience by Race,Not Working,Chinese,"Montgomery County, Maryland","38,190",,,,,
2017,Work Experience by Race,Not Working,Japanese,"Montgomery County, Maryland","2,790",,,,,
2017,Work Experience by Race,Not Working,Other Asian,"Montgomery County, Maryland","86,804",,,,,
2017,Work Experience by Race,Not Working,Other Race,"Montgomery County, Maryland","79,883",,,,,
2017,Work Experience by Race,Not Working,Two Major Races,"Montgomery County, Maryland","42,028",,,,,
2017,Work Experience by Race,Not Working,Three or More,"Montgomery County, Maryland","6,419",,,,,
2017,Work Experience by Race,Part Time,White,"Montgomery County, Maryland","113,074",,,,,
2017,Work Experience by Race,Part Time,Black,"Montgomery County, Maryland","35,628",,,,,
2017,Work Experience by Race,Part Time,American,"Montgomery County, Maryland",637,,,,,
2017,Work Experience by Race,Part Time,Chinese,"Montgomery County, Maryland","6,598",,,,,
2017,Work Experience by Race,Part Time,Japanese,"Montgomery County, Maryland",446,,,,,
2017,Work Experience by Race,Part Time,Other Asian,"Montgomery County, Maryland","18,769",,,,,
2017,Work Experience by Race,Part Time,Other Race,"Montgomery County, Maryland","15,702",,,,,
2017,Work Experience by Race,Part Time,Two Major Races,"Montgomery County, Maryland","6,040",,,,,
2017,Work Experience by Race,Part Time,Three or More,"Montgomery County, Maryland","1,014",,,,,
2017,Work Experience by Race,Full Time,White,"Montgomery County, Maryland","553,567",,,,,
2017,Work Experience by Race,Full Time,Black,"Montgomery County, Maryland","187,745",,,,,
2017,Work Experience by Race,Full Time,American,"Montgomery County, Maryland","3,618",,,,,
2017,Work Experience by Race,Full Time,Chinese,"Montgomery County, Maryland","46,169",,,,,
2017,Work Experience by Race,Full Time,Japanese,"Montgomery County, Maryland","2,366",,,,,
2017,Work Experience by Race,Full Time,Other Asian,"Montgomery County, Maryland","110,690",,,,,
2017,Work Experience by Race,Full Time,Other Race,"Montgomery County, Maryland","96,692",,,,,
2017,Work Experience by Race,Full Time,Two Major Races,"Montgomery County, Maryland","26,473",,,,,
2017,Work Experience by Race,Full Time,Three or More,"Montgomery County, Maryland","3,627",,,,,
2015,Work Experience by Education,Not Working,N/A,"Montgomery County, Maryland","77,466",,,,,
2015,Work Experience by Education,Not Working,No School,"Montgomery County, Maryland","62,337",,,,,
2015,Work Experience by Education,Not Working,Nursery,"Montgomery County, Maryland","36,462",,,,,
2015,Work Experience by Education,Not Working,Kindergarten,"Montgomery County, Maryland","29,871",,,,,
2015,Work Experience by Education,Not Working,Grade 1,"Montgomery County, Maryland","26,484",,,,,
2015,Work Experience by Education,Not Working,Grade 2,"Montgomery County, Maryland","25,231",,,,,
2015,Work Experience by Education,Not Working,Grade 3,"Montgomery County, Maryland","29,956",,,,,
2015,Work Experience by Education,Not Working,Grade 4,"Montgomery County, Maryland","25,258",,,,,
2015,Work Experience by Education,Not Working,Grade 5,"Montgomery County, Maryland","28,508",,,,,
2015,Work Experience by Education,Not Working,Grade 6,"Montgomery County, Maryland","31,092",,,,,
2015,Work Experience by Education,Not Working,Grade 7,"Montgomery County, Maryland","27,917",,,,,
2015,Work Experience by Education,Not Working,Grade 8,"Montgomery County, Maryland","31,109",,,,,
2015,Work Experience by Education,Not Working,Grade 9,"Montgomery County, Maryland","31,524",,,,,
2015,Work Experience by Education,Not Working,Grade 10,"Montgomery County, Maryland","25,274",,,,,
2015,Work Experience by Education,Not Working,Grade 11,"Montgomery County, Maryland","23,998",,,,,
2015,Work Experience by Education,Not Working,Grade 12,"Montgomery County, Maryland","11,257",,,,,
2015,Work Experience by Education,Not Working,Regular Highschool Diploma,"Montgomery County, Maryland","70,874",,,,,
2015,Work Experience by Education,Not Working,GED,"Montgomery County, Maryland","7,742",,,,,
2015,Work Experience by Education,Not Working,Some College,"Montgomery County, Maryland","18,232",,,,,
2015,Work Experience by Education,Not Working,1 or more,"Montgomery County, Maryland","49,194",,,,,
2015,Work Experience by Education,Not Working,Associate,"Montgomery County, Maryland","22,743",,,,,
2015,Work Experience by Education,Not Working,Bachlor's,"Montgomery County, Maryland","84,691",,,,,
2015,Work Experience by Education,Not Working,Master's,"Montgomery County, Maryland","53,180",,,,,
2015,Work Experience by Education,Not Working,Professional,"Montgomery County, Maryland","12,514",,,,,
2015,Work Experience by Education,Not Working,Doctoral,"Montgomery County, Maryland","12,683",,,,,
2015,Work Experience by Education,Part Time,N/A,"Montgomery County, Maryland",0,,,,,
2015,Work Experience by Education,Part Time,No School,"Montgomery County, Maryland","1,449",,,,,
2015,Work Experience by Education,Part Time,Nursery,"Montgomery County, Maryland",120,,,,,
2015,Work Experience by Education,Part Time,Kindergarten,"Montgomery County, Maryland",96,,,,,
2015,Work Experience by Education,Part Time,Grade 1,"Montgomery County, Maryland",115,,,,,
2015,Work Experience by Education,Part Time,Grade 2,"Montgomery County, Maryland",597,,,,,
2015,Work Experience by Education,Part Time,Grade 3,"Montgomery County, Maryland",795,,,,,
2015,Work Experience by Education,Part Time,Grade 4,"Montgomery County, Maryland",342,,,,,
2015,Work Experience by Education,Part Time,Grade 5,"Montgomery County, Maryland",223,,,,,
2015,Work Experience by Education,Part Time,Grade 6,"Montgomery County, Maryland","1,070",,,,,
2015,Work Experience by Education,Part Time,Grade 7,"Montgomery County, Maryland",375,,,,,
2015,Work Experience by Education,Part Time,Grade 8,"Montgomery County, Maryland",974,,,,,
2015,Work Experience by Education,Part Time,Grade 9,"Montgomery County, Maryland","1,792",,,,,
2015,Work Experience by Education,Part Time,Grade 10,"Montgomery County, Maryland","3,614",,,,,
2015,Work Experience by Education,Part Time,Grade 11,"Montgomery County, Maryland","9,747",,,,,
2015,Work Experience by Education,Part Time,Grade 12,"Montgomery County, Maryland","3,233",,,,,
2015,Work Experience by Education,Part Time,Regular Highschool Diploma,"Montgomery County, Maryland","27,526",,,,,
2015,Work Experience by Education,Part Time,GED,"Montgomery County, Maryland","2,357",,,,,
2015,Work Experience by Education,Part Time,Some College,"Montgomery County, Maryland","9,116",,,,,
2015,Work Experience by Education,Part Time,1 or more,"Montgomery County, Maryland","32,278",,,,,
2015,Work Experience by Education,Part Time,Associate,"Montgomery County, Maryland","9,941",,,,,
2015,Work Experience by Education,Part Time,Bachlor's,"Montgomery County, Maryland","43,399",,,,,
2015,Work Experience by Education,Part Time,Master's,"Montgomery County, Maryland","23,421",,,,,
2015,Work Experience by Education,Part Time,Professional,"Montgomery County, Maryland","7,230",,,,,
2015,Work Experience by Education,Part Time,Doctoral,"Montgomery County, Maryland","6,392",,,,,
2015,Work Experience by Education,Full Time,N/A,"Montgomery County, Maryland",0,,,,,
2015,Work Experience by Education,Full Time,No School,"Montgomery County, Maryland","12,110",,,,,
2015,Work Experience by Education,Full Time,Nursery,"Montgomery County, Maryland",124,,,,,
2015,Work Experience by Education,Full Time,Kindergarten,"Montgomery County, Maryland",483,,,,,
2015,Work Experience by Education,Full Time,Grade 1,"Montgomery County, Maryland",209,,,,,
2015,Work Experience by Education,Full Time,Grade 2,"Montgomery County, Maryland","2,228",,,,,
2015,Work Experience by Education,Full Time,Grade 3,"Montgomery County, Maryland","3,254",,,,,
2015,Work Experience by Education,Full Time,Grade 4,"Montgomery County, Maryland","2,582",,,,,
2015,Work Experience by Education,Full Time,Grade 5,"Montgomery County, Maryland","1,780",,,,,
2015,Work Experience by Education,Full Time,Grade 6,"Montgomery County, Maryland","11,238",,,,,
2015,Work Experience by Education,Full Time,Grade 7,"Montgomery County, Maryland","3,900",,,,,
2015,Work Experience by Education,Full Time,Grade 8,"Montgomery County, Maryland","5,217",,,,,
2015,Work Experience by Education,Full Time,Grade 9,"Montgomery County, Maryland","10,880",,,,,
2015,Work Experience by Education,Full Time,Grade 10,"Montgomery County, Maryland","5,311",,,,,
2015,Work Experience by Education,Full Time,Grade 11,"Montgomery County, Maryland","9,524",,,,,
2015,Work Experience by Education,Full Time,Grade 12,"Montgomery County, Maryland","10,058",,,,,
2015,Work Experience by Education,Full Time,Regular Highschool Diploma,"Montgomery County, Maryland","117,340",,,,,
2015,Work Experience by Education,Full Time,GED,"Montgomery County, Maryland","10,475",,,,,
2015,Work Experience by Education,Full Time,Some College,"Montgomery County, Maryland","39,614",,,,,
2015,Work Experience by Education,Full Time,1 or more,"Montgomery County, Maryland","107,494",,,,,
2015,Work Experience by Education,Full Time,Associate,"Montgomery County, Maryland","49,646",,,,,
2015,Work Experience by Education,Full Time,Bachlor's,"Montgomery County, Maryland","289,440",,,,,
2015,Work Experience by Education,Full Time,Master's,"Montgomery County, Maryland","190,076",,,,,
2015,Work Experience by Education,Full Time,Professional,"Montgomery County, Maryland","65,149",,,,,
2015,Work Experience by Education,Full Time,Doctoral,"Montgomery County, Maryland","67,919",,,,,
2016,Work Experience by Education,Not Working,N/A,"Montgomery County, Maryland","79,915",,,,,
2016,Work Experience by Education,Not Working,No School,"Montgomery County, Maryland","57,889",,,,,
2016,Work Experience by Education,Not Working,Nursery,"Montgomery County, Maryland","33,872",,,,,
2016,Work Experience by Education,Not Working,Kindergarten,"Montgomery County, Maryland","29,906",,,,,
2016,Work Experience by Education,Not Working,Grade 1,"Montgomery County, Maryland","26,991",,,,,
2016,Work Experience by Education,Not Working,Grade 2,"Montgomery County, Maryland","30,045",,,,,
2016,Work Experience by Education,Not Working,Grade 3,"Montgomery County, Maryland","24,995",,,,,
2016,Work Experience by Education,Not Working,Grade 4,"Montgomery County, Maryland","27,856",,,,,
2016,Work Experience by Education,Not Working,Grade 5,"Montgomery County, Maryland","29,635",,,,,
2016,Work Experience by Education,Not Working,Grade 6,"Montgomery County, Maryland","30,249",,,,,
2016,Work Experience by Education,Not Working,Grade 7,"Montgomery County, Maryland","29,991",,,,,
2016,Work Experience by Education,Not Working,Grade 8,"Montgomery County, Maryland","30,266",,,,,
2016,Work Experience by Education,Not Working,Grade 9,"Montgomery County, Maryland","30,538",,,,,
2016,Work Experience by Education,Not Working,Grade 10,"Montgomery County, Maryland","24,647",,,,,
2016,Work Experience by Education,Not Working,Grade 11,"Montgomery County, Maryland","21,483",,,,,
2016,Work Experience by Education,Not Working,Grade 12,"Montgomery County, Maryland","11,147",,,,,
2016,Work Experience by Education,Not Working,Regular Highschool Diploma,"Montgomery County, Maryland","73,742",,,,,
2016,Work Experience by Education,Not Working,GED,"Montgomery County, Maryland","7,648",,,,,
2016,Work Experience by Education,Not Working,Some College,"Montgomery County, Maryland","18,841",,,,,
2016,Work Experience by Education,Not Working,1 or more,"Montgomery County, Maryland","46,097",,,,,
2016,Work Experience by Education,Not Working,Associate,"Montgomery County, Maryland","21,982",,,,,
2016,Work Experience by Education,Not Working,Bachlor's,"Montgomery County, Maryland","90,268",,,,,
2016,Work Experience by Education,Not Working,Master's,"Montgomery County, Maryland","53,133",,,,,
2016,Work Experience by Education,Not Working,Professional,"Montgomery County, Maryland","15,846",,,,,
2016,Work Experience by Education,Not Working,Doctoral,"Montgomery County, Maryland","17,192",,,,,
2016,Work Experience by Education,Part Time,N/A,"Montgomery County, Maryland",0,,,,,
2016,Work Experience by Education,Part Time,No School,"Montgomery County, Maryland","2,161",,,,,
2016,Work Experience by Education,Part Time,Nursery,"Montgomery County, Maryland",17,,,,,
2016,Work Experience by Education,Part Time,Kindergarten,"Montgomery County, Maryland",18,,,,,
2016,Work Experience by Education,Part Time,Grade 1,"Montgomery County, Maryland",44,,,,,
2016,Work Experience by Education,Part Time,Grade 2,"Montgomery County, Maryland",103,,,,,
2016,Work Experience by Education,Part Time,Grade 3,"Montgomery County, Maryland",225,,,,,
2016,Work Experience by Education,Part Time,Grade 4,"Montgomery County, Maryland",718,,,,,
2016,Work Experience by Education,Part Time,Grade 5,"Montgomery County, Maryland",617,,,,,
2016,Work Experience by Education,Part Time,Grade 6,"Montgomery County, Maryland",750,,,,,
2016,Work Experience by Education,Part Time,Grade 7,"Montgomery County, Maryland",607,,,,,
2016,Work Experience by Education,Part Time,Grade 8,"Montgomery County, Maryland",649,,,,,
2016,Work Experience by Education,Part Time,Grade 9,"Montgomery County, Maryland","3,192",,,,,
2016,Work Experience by Education,Part Time,Grade 10,"Montgomery County, Maryland","3,817",,,,,
2016,Work Experience by Education,Part Time,Grade 11,"Montgomery County, Maryland","8,999",,,,,
2016,Work Experience by Education,Part Time,Grade 12,"Montgomery County, Maryland","2,805",,,,,
2016,Work Experience by Education,Part Time,Regular Highschool Diploma,"Montgomery County, Maryland","29,314",,,,,
2016,Work Experience by Education,Part Time,GED,"Montgomery County, Maryland","2,265",,,,,
2016,Work Experience by Education,Part Time,Some College,"Montgomery County, Maryland","8,394",,,,,
2016,Work Experience by Education,Part Time,1 or more,"Montgomery County, Maryland","32,305",,,,,
2016,Work Experience by Education,Part Time,Associate,"Montgomery County, Maryland","11,037",,,,,
2016,Work Experience by Education,Part Time,Bachlor's,"Montgomery County, Maryland","43,670",,,,,
2016,Work Experience by Education,Part Time,Master's,"Montgomery County, Maryland","26,491",,,,,
2016,Work Experience by Education,Part Time,Professional,"Montgomery County, Maryland","9,034",,,,,
2016,Work Experience by Education,Part Time,Doctoral,"Montgomery County, Maryland","6,362",,,,,
2016,Work Experience by Education,Full Time,N/A,"Montgomery County, Maryland",0,,,,,
2016,Work Experience by Education,Full Time,No School,"Montgomery County, Maryland","12,239",,,,,
2016,Work Experience by Education,Full Time,Nursery,"Montgomery County, Maryland",437,,,,,
2016,Work Experience by Education,Full Time,Kindergarten,"Montgomery County, Maryland",232,,,,,
2016,Work Experience by Education,Full Time,Grade 1,"Montgomery County, Maryland",148,,,,,
2016,Work Experience by Education,Full Time,Grade 2,"Montgomery County, Maryland","2,311",,,,,
2016,Work Experience by Education,Full Time,Grade 3,"Montgomery County, Maryland","3,440",,,,,
2016,Work Experience by Education,Full Time,Grade 4,"Montgomery County, Maryland","2,885",,,,,
2016,Work Experience by Education,Full Time,Grade 5,"Montgomery County, Maryland","4,584",,,,,
2016,Work Experience by Education,Full Time,Grade 6,"Montgomery County, Maryland","9,085",,,,,
2016,Work Experience by Education,Full Time,Grade 7,"Montgomery County, Maryland","3,462",,,,,
2016,Work Experience by Education,Full Time,Grade 8,"Montgomery County, Maryland","4,990",,,,,
2016,Work Experience by Education,Full Time,Grade 9,"Montgomery County, Maryland","8,730",,,,,
2016,Work Experience by Education,Full Time,Grade 10,"Montgomery County, Maryland","6,029",,,,,
2016,Work Experience by Education,Full Time,Grade 11,"Montgomery County, Maryland","10,223",,,,,
2016,Work Experience by Education,Full Time,Grade 12,"Montgomery County, Maryland","10,482",,,,,
2016,Work Experience by Education,Full Time,Regular Highschool Diploma,"Montgomery County, Maryland","123,366",,,,,
2016,Work Experience by Education,Full Time,GED,"Montgomery County, Maryland","11,943",,,,,
2016,Work Experience by Education,Full Time,Some College,"Montgomery County, Maryland","33,789",,,,,
2016,Work Experience by Education,Full Time,1 or more,"Montgomery County, Maryland","106,051",,,,,
2016,Work Experience by Education,Full Time,Associate,"Montgomery County, Maryland","50,227",,,,,
2016,Work Experience by Education,Full Time,Bachlor's,"Montgomery County, Maryland","282,343",,,,,
2016,Work Experience by Education,Full Time,Master's,"Montgomery County, Maryland","199,308",,,,,
2016,Work Experience by Education,Full Time,Professional,"Montgomery County, Maryland","68,107",,,,,
2016,Work Experience by Education,Full Time,Doctoral,"Montgomery County, Maryland","59,885",,,,,
2017,Work Experience by Education,Not Working,N/A,"Montgomery County, Maryland","77,182",,,,,
2017,Work Experience by Education,Not Working,No School,"Montgomery County, Maryland","61,278",,,,,
2017,Work Experience by Education,Not Working,Nursery,"Montgomery County, Maryland","34,314",,,,,
2017,Work Experience by Education,Not Working,Kindergarten,"Montgomery County, Maryland","28,899",,,,,
2017,Work Experience by Education,Not Working,Grade 1,"Montgomery County, Maryland","25,727",,,,,
2017,Work Experience by Education,Not Working,Grade 2,"Montgomery County, Maryland","28,183",,,,,
2017,Work Experience by Education,Not Working,Grade 3,"Montgomery County, Maryland","30,396",,,,,
2017,Work Experience by Education,Not Working,Grade 4,"Montgomery County, Maryland","26,379",,,,,
2017,Work Experience by Education,Not Working,Grade 5,"Montgomery County, Maryland","27,873",,,,,
2017,Work Experience by Education,Not Working,Grade 6,"Montgomery County, Maryland","33,415",,,,,
2017,Work Experience by Education,Not Working,Grade 7,"Montgomery County, Maryland","30,657",,,,,
2017,Work Experience by Education,Not Working,Grade 8,"Montgomery County, Maryland","29,808",,,,,
2017,Work Experience by Education,Not Working,Grade 9,"Montgomery County, Maryland","33,338",,,,,
2017,Work Experience by Education,Not Working,Grade 10,"Montgomery County, Maryland","22,926",,,,,
2017,Work Experience by Education,Not Working,Grade 11,"Montgomery County, Maryland","23,006",,,,,
2017,Work Experience by Education,Not Working,Grade 12,"Montgomery County, Maryland","10,866",,,,,
2017,Work Experience by Education,Not Working,Regular Highschool Diploma,"Montgomery County, Maryland","72,667",,,,,
2017,Work Experience by Education,Not Working,GED,"Montgomery County, Maryland","7,126",,,,,
2017,Work Experience by Education,Not Working,Some College,"Montgomery County, Maryland","19,215",,,,,
2017,Work Experience by Education,Not Working,1 or more,"Montgomery County, Maryland","51,447",,,,,
2017,Work Experience by Education,Not Working,Associate,"Montgomery County, Maryland","21,056",,,,,
2017,Work Experience by Education,Not Working,Bachlor's,"Montgomery County, Maryland","90,444",,,,,
2017,Work Experience by Education,Not Working,Master's,"Montgomery County, Maryland","53,408",,,,,
2017,Work Experience by Education,Not Working,Professional,"Montgomery County, Maryland","16,036",,,,,
2017,Work Experience by Education,Not Working,Doctoral,"Montgomery County, Maryland","14,263",,,,,
2017,Work Experience by Education,Part Time,N/A,"Montgomery County, Maryland",0,,,,,
2017,Work Experience by Education,Part Time,No School,"Montgomery County, Maryland","2,102",,,,,
2017,Work Experience by Education,Part Time,Nursery,"Montgomery County, Maryland",17,,,,,
2017,Work Experience by Education,Part Time,Kindergarten,"Montgomery County, Maryland",17,,,,,
2017,Work Experience by Education,Part Time,Grade 1,"Montgomery County, Maryland",42,,,,,
2017,Work Experience by Education,Part Time,Grade 2,"Montgomery County, Maryland",154,,,,,
2017,Work Experience by Education,Part Time,Grade 3,"Montgomery County, Maryland",673,,,,,
2017,Work Experience by Education,Part Time,Grade 4,"Montgomery County, Maryland",236,,,,,
2017,Work Experience by Education,Part Time,Grade 5,"Montgomery County, Maryland",292,,,,,
2017,Work Experience by Education,Part Time,Grade 6,"Montgomery County, Maryland",318,,,,,
2017,Work Experience by Education,Part Time,Grade 7,"Montgomery County, Maryland",821,,,,,
2017,Work Experience by Education,Part Time,Grade 8,"Montgomery County, Maryland","1,023",,,,,
2017,Work Experience by Education,Part Time,Grade 9,"Montgomery County, Maryland","2,153",,,,,
2017,Work Experience by Education,Part Time,Grade 10,"Montgomery County, Maryland","5,520",,,,,
2017,Work Experience by Education,Part Time,Grade 11,"Montgomery County, Maryland","10,465",,,,,
2017,Work Experience by Education,Part Time,Grade 12,"Montgomery County, Maryland","4,178",,,,,
2017,Work Experience by Education,Part Time,Regular Highschool Diploma,"Montgomery County, Maryland","32,349",,,,,
2017,Work Experience by Education,Part Time,GED,"Montgomery County, Maryland","1,558",,,,,
2017,Work Experience by Education,Part Time,Some College,"Montgomery County, Maryland","8,897",,,,,
2017,Work Experience by Education,Part Time,1 or more,"Montgomery County, Maryland","33,130",,,,,
2017,Work Experience by Education,Part Time,Associate,"Montgomery County, Maryland","10,593",,,,,
2017,Work Experience by Education,Part Time,Bachlor's,"Montgomery County, Maryland","41,545",,,,,
2017,Work Experience by Education,Part Time,Master's,"Montgomery County, Maryland","26,660",,,,,
2017,Work Experience by Education,Part Time,Professional,"Montgomery County, Maryland","8,750",,,,,
2017,Work Experience by Education,Part Time,Doctoral,"Montgomery County, Maryland","6,415",,,,,
2017,Work Experience by Education,Full Time,N/A,"Montgomery County, Maryland",0,,,,,
2017,Work Experience by Education,Full Time,No School,"Montgomery County, Maryland","14,285",,,,,
2017,Work Experience by Education,Full Time,Nursery,"Montgomery County, Maryland",81,,,,,
2017,Work Experience by Education,Full Time,Kindergarten,"Montgomery County, Maryland",213,,,,,
2017,Work Experience by Education,Full Time,Grade 1,"Montgomery County, Maryland",310,,,,,
2017,Work Experience by Education,Full Time,Grade 2,"Montgomery County, Maryland","2,376",,,,,
2017,Work Experience by Education,Full Time,Grade 3,"Montgomery County, Maryland","2,364",,,,,
2017,Work Experience by Education,Full Time,Grade 4,"Montgomery County, Maryland","3,058",,,,,
2017,Work Experience by Education,Full Time,Grade 5,"Montgomery County, Maryland","2,752",,,,,
2017,Work Experience by Education,Full Time,Grade 6,"Montgomery County, Maryland","9,920",,,,,
2017,Work Experience by Education,Full Time,Grade 7,"Montgomery County, Maryland","3,254",,,,,
2017,Work Experience by Education,Full Time,Grade 8,"Montgomery County, Maryland","3,773",,,,,
2017,Work Experience by Education,Full Time,Grade 9,"Montgomery County, Maryland","9,483",,,,,
2017,Work Experience by Education,Full Time,Grade 10,"Montgomery County, Maryland","6,585",,,,,
2017,Work Experience by Education,Full Time,Grade 11,"Montgomery County, Maryland","9,723",,,,,
2017,Work Experience by Education,Full Time,Grade 12,"Montgomery County, Maryland","10,778",,,,,
2017,Work Experience by Education,Full Time,Regular Highschool Diploma,"Montgomery County, Maryland","124,300",,,,,
2017,Work Experience by Education,Full Time,GED,"Montgomery County, Maryland","10,428",,,,,
2017,Work Experience by Education,Full Time,Some College,"Montgomery County, Maryland","36,628",,,,,
2017,Work Experience by Education,Full Time,1 or more,"Montgomery County, Maryland","108,498",,,,,
2017,Work Experience by Education,Full Time,Associate,"Montgomery County, Maryland","54,087",,,,,
2017,Work Experience by Education,Full Time,Bachlor's,"Montgomery County, Maryland","288,139",,,,,
2017,Work Experience by Education,Full Time,Master's,"Montgomery County, Maryland","199,813",,,,,
2017,Work Experience by Education,Full Time,Professional,"Montgomery County, Maryland","64,085",,,,,
2017,Work Experience by Education,Full Time,Doctoral,"Montgomery County, Maryland","66,014",,,,,
2015,Work Experience by Poverty,Not Working,0-25,"Montgomery County, Maryland","43,777",,,,,
2015,Work Experience by Poverty,Not Working,26-50,"Montgomery County, Maryland","15,294",,,,,
2015,Work Experience by Poverty,Not Working,51-75,"Montgomery County, Maryland","21,498",,,,,
2015,Work Experience by Poverty,Not Working,76-100,"Montgomery County, Maryland","32,601",,,,,
2015,Work Experience by Poverty,Not Working,100-500,"Montgomery County, Maryland","373,550",,,,,
2015,Work Experience by Poverty,Not Working,501,"Montgomery County, Maryland","368,877",,,,,
2015,Work Experience by Poverty,Part Time,0-25,"Montgomery County, Maryland","4,184",,,,,
2015,Work Experience by Poverty,Part Time,26-50,"Montgomery County, Maryland","4,815",,,,,
2015,Work Experience by Poverty,Part Time,51-75,"Montgomery County, Maryland","5,815",,,,,
2015,Work Experience by Poverty,Part Time,76-100,"Montgomery County, Maryland","5,654",,,,,
2015,Work Experience by Poverty,Part Time,100-500,"Montgomery County, Maryland","78,414",,,,,
2015,Work Experience by Poverty,Part Time,501,"Montgomery County, Maryland","87,320",,,,,
2015,Work Experience by Poverty,Full Time,0-25,"Montgomery County, Maryland","5,469",,,,,
2015,Work Experience by Poverty,Full Time,26-50,"Montgomery County, Maryland","5,897",,,,,
2015,Work Experience by Poverty,Full Time,51-75,"Montgomery County, Maryland","7,142",,,,,
2015,Work Experience by Poverty,Full Time,76-100,"Montgomery County, Maryland","14,994",,,,,
2015,Work Experience by Poverty,Full Time,100-500,"Montgomery County, Maryland","391,237",,,,,
2015,Work Experience by Poverty,Full Time,501,"Montgomery County, Maryland","591,312",,,,,
2016,Work Experience by Poverty,Not Working,0-25,"Montgomery County, Maryland","46,693",,,,,
2016,Work Experience by Poverty,Not Working,26-50,"Montgomery County, Maryland","10,968",,,,,
2016,Work Experience by Poverty,Not Working,51-75,"Montgomery County, Maryland","19,557",,,,,
2016,Work Experience by Poverty,Not Working,76-100,"Montgomery County, Maryland","26,636",,,,,
2016,Work Experience by Poverty,Not Working,100-500,"Montgomery County, Maryland","387,124",,,,,
2016,Work Experience by Poverty,Not Working,501,"Montgomery County, Maryland","373,196",,,,,
2016,Work Experience by Poverty,Part Time,0-25,"Montgomery County, Maryland","5,275",,,,,
2016,Work Experience by Poverty,Part Time,26-50,"Montgomery County, Maryland","3,612",,,,,
2016,Work Experience by Poverty,Part Time,51-75,"Montgomery County, Maryland","4,192",,,,,
2016,Work Experience by Poverty,Part Time,76-100,"Montgomery County, Maryland","6,894",,,,,
2016,Work Experience by Poverty,Part Time,100-500,"Montgomery County, Maryland","82,661",,,,,
2016,Work Experience by Poverty,Part Time,501,"Montgomery County, Maryland","90,960",,,,,
2016,Work Experience by Poverty,Full Time,0-25,"Montgomery County, Maryland","6,354",,,,,
2016,Work Experience by Poverty,Full Time,26-50,"Montgomery County, Maryland","4,370",,,,,
2016,Work Experience by Poverty,Full Time,51-75,"Montgomery County, Maryland","7,886",,,,,
2016,Work Experience by Poverty,Full Time,76-100,"Montgomery County, Maryland","11,276",,,,,
2016,Work Experience by Poverty,Full Time,100-500,"Montgomery County, Maryland","389,779",,,,,
2016,Work Experience by Poverty,Full Time,501,"Montgomery County, Maryland","594,631",,,,,
2017,Work Experience by Poverty,Not Working,0-25,"Montgomery County, Maryland","48,174",,,,,
2017,Work Experience by Poverty,Not Working,26-50,"Montgomery County, Maryland","21,142",,,,,
2017,Work Experience by Poverty,Not Working,51-75,"Montgomery County, Maryland","17,423",,,,,
2017,Work Experience by Poverty,Not Working,76-100,"Montgomery County, Maryland","27,284",,,,,
2017,Work Experience by Poverty,Not Working,100-500,"Montgomery County, Maryland","379,436",,,,,
2017,Work Experience by Poverty,Not Working,501,"Montgomery County, Maryland","376,450",,,,,
2017,Work Experience by Poverty,Part Time,0-25,"Montgomery County, Maryland","6,363",,,,,
2017,Work Experience by Poverty,Part Time,26-50,"Montgomery County, Maryland","5,652",,,,,
2017,Work Experience by Poverty,Part Time,51-75,"Montgomery County, Maryland","4,315",,,,,
2017,Work Experience by Poverty,Part Time,76-100,"Montgomery County, Maryland","6,138",,,,,
2017,Work Experience by Poverty,Part Time,100-500,"Montgomery County, Maryland","86,762",,,,,
2017,Work Experience by Poverty,Part Time,501,"Montgomery County, Maryland","88,678",,,,,
2017,Work Experience by Poverty,Full Time,0-25,"Montgomery County, Maryland","6,147",,,,,
2017,Work Experience by Poverty,Full Time,26-50,"Montgomery County, Maryland","5,769",,,,,
2017,Work Experience by Poverty,Full Time,51-75,"Montgomery County, Maryland","5,769",,,,,
2017,Work Experience by Poverty,Full Time,76-100,"Montgomery County, Maryland","12,825",,,,,
2017,Work Experience by Poverty,Full Time,100-500,"Montgomery County, Maryland","396,923",,,,,
2017,Work Experience by Poverty,Full Time,501,"Montgomery County, Maryland","603,514",,,,,
2016,Work Experience by Poverty,Not Working,0-25,"Baltimore County, Maryland","64,128",,,,,
2016,Work Experience by Poverty,Not Working,26-50,"Baltimore County, Maryland","17,079",,,,,
2016,Work Experience by Poverty,Not Working,51-75,"Baltimore County, Maryland","20,623",,,,,
2016,Work Experience by Poverty,Not Working,76-100,"Baltimore County, Maryland","26,928",,,,,
2016,Work Experience by Poverty,Not Working,100-500,"Baltimore County, Maryland","424,395",,,,,
2016,Work Experience by Poverty,Not Working,501,"Baltimore County, Maryland","182,949",,,,,
2016,Work Experience by Poverty,Part Time,0-25,"Baltimore County, Maryland","16,766",,,,,
2016,Work Experience by Poverty,Part Time,26-50,"Baltimore County, Maryland","4,664",,,,,
2016,Work Experience by Poverty,Part Time,51-75,"Baltimore County, Maryland","3,870",,,,,
2016,Work Experience by Poverty,Part Time,76-100,"Baltimore County, Maryland","5,666",,,,,
2016,Work Experience by Poverty,Part Time,100-500,"Baltimore County, Maryland","69,925",,,,,
2016,Work Experience by Poverty,Part Time,501,"Baltimore County, Maryland","45,185",,,,,
2016,Work Experience by Poverty,Full Time,0-25,"Baltimore County, Maryland","9,130",,,,,
2016,Work Experience by Poverty,Full Time,26-50,"Baltimore County, Maryland","5,870",,,,,
2016,Work Experience by Poverty,Full Time,51-75,"Baltimore County, Maryland","6,052",,,,,
2016,Work Experience by Poverty,Full Time,76-100,"Baltimore County, Maryland","11,316",,,,,
2016,Work Experience by Poverty,Full Time,100-500,"Baltimore County, Maryland","377,150",,,,,
2016,Work Experience by Poverty,Full Time,501,"Baltimore County, Maryland","363,189",,,,,
2017,Work Experience by Poverty,Not Working,0-25,"Baltimore County, Maryland","63,603",,,,,
2017,Work Experience by Poverty,Not Working,26-50,"Baltimore County, Maryland","12,947",,,,,
2017,Work Experience by Poverty,Not Working,51-75,"Baltimore County, Maryland","24,382",,,,,
2017,Work Experience by Poverty,Not Working,76-100,"Baltimore County, Maryland","22,172",,,,,
2017,Work Experience by Poverty,Not Working,100-500,"Baltimore County, Maryland","437,394",,,,,
2017,Work Experience by Poverty,Not Working,501,"Baltimore County, Maryland","182,784",,,,,
2017,Work Experience by Poverty,Part Time,0-25,"Baltimore County, Maryland","15,924",,,,,
2017,Work Experience by Poverty,Part Time,26-50,"Baltimore County, Maryland","5,365",,,,,
2017,Work Experience by Poverty,Part Time,51-75,"Baltimore County, Maryland","6,978",,,,,
2017,Work Experience by Poverty,Part Time,76-100,"Baltimore County, Maryland","3,948",,,,,
2017,Work Experience by Poverty,Part Time,100-500,"Baltimore County, Maryland","68,989",,,,,
2017,Work Experience by Poverty,Part Time,501,"Baltimore County, Maryland","45,418",,,,,
2017,Work Experience by Poverty,Full Time,0-25,"Baltimore County, Maryland","9,206",,,,,
2017,Work Experience by Poverty,Full Time,26-50,"Baltimore County, Maryland","4,047",,,,,
2017,Work Experience by Poverty,Full Time,51-75,"Baltimore County, Maryland","6,614",,,,,
2017,Work Experience by Poverty,Full Time,76-100,"Baltimore County, Maryland","9,989",,,,,
2017,Work Experience by Poverty,Full Time,100-500,"Baltimore County, Maryland","383,335",,,,,
2017,Work Experience by Poverty,Full Time,501,"Baltimore County, Maryland","358,462",,,,,
