Time,Indicator,Employment Status,Indicator Status,Location,Amount,Unemployment Rate, Format ,,
,Change,,Total Population,"Washington County, Maryland",-25,,-25,,
,Change,,Median Household Income,"Washington County, Maryland",1944,,"1,944",,
2017,Employment Status By Disability Status,Employed,Disabled,"Washington County, Maryland",4799,,"4,799",,
2017,Employment Status By Disability Status,Employed,Non Disabled,"Washington County, Maryland",57850,,"57,850",,
2017,Employment Status By Disability Status,Unemployed,Disabled,"Washington County, Maryland",840,,840,,
2017,Employment Status By Disability Status,Unemployed,Non Disabled,"Washington County, Maryland",3590,,"3,590",,
2017,Employment Status By Disability Status,Labor Force,Disabled,"Washington County, Maryland",5639,,"5,639",,
2017,Employment Status By Disability Status,Labor Force,Non Disabled,"Washington County, Maryland",61440,,"61,440",,
2016,Employment Status By Disability Status,Employed,Disabled,"Washington County, Maryland",4614,,"4,614",,
2016,Employment Status By Disability Status,Employed,Non Disabled,"Washington County, Maryland",58163,,"58,163",,
2016,Employment Status By Disability Status,Unemployed,Disabled,"Washington County, Maryland",844,,844,,
2016,Employment Status By Disability Status,Unemployed,Non Disabled,"Washington County, Maryland",4039,,"4,039",,
2016,Employment Status By Disability Status,Labor Force,Disabled,"Washington County, Maryland",5458,,"5,458",,
2016,Employment Status By Disability Status,Labor Force,Non Disabled,"Washington County, Maryland",62202,,"62,202",,
2015,Employment Status By Disability Status,Employed,Disabled,"Washington County, Maryland",4551,,"4,551",,
2015,Employment Status By Disability Status,Employed,Non Disabled,"Washington County, Maryland",58543,,"58,543",,
2015,Employment Status By Disability Status,Unemployed,Disabled,"Washington County, Maryland",1035,,"1,035",,
2015,Employment Status By Disability Status,Unemployed,Non Disabled,"Washington County, Maryland",4658,,"4,658",,
2015,Employment Status By Disability Status,Labor Force,Disabled,"Washington County, Maryland",5586,,"5,586",,
2015,Employment Status By Disability Status,Labor Force,Non Disabled,"Washington County, Maryland",63201,,"63,201",,
2017,Employment Status By Education,Employed,Less than Highschool,"Washington County, Maryland",3852,,"3,852",,
2017,Employment Status By Education,Employed,Highschool,"Washington County, Maryland",18564,,"18,564",,
2017,Employment Status By Education,Employed,Some College,"Washington County, Maryland",17741,,"17,741",,
2017,Employment Status By Education,Employed,Bachelor's or Higher,"Washington County, Maryland",15095,,"15,095",,
2017,Employment Status By Education,Unemployed,Less than Highschool,"Washington County, Maryland",372,,372,,
2017,Employment Status By Education,Unemployed,Highschool,"Washington County, Maryland",1420,,"1,420",,
2017,Employment Status By Education,Unemployed,Some College,"Washington County, Maryland",982,,982,,
2017,Employment Status By Education,Unemployed,Bachelor's or Higher,"Washington County, Maryland",380,,380,,
2017,Employment Status By Education,NIL,Less than Highschool,"Washington County, Maryland",4791,,"4,791",,
2017,Employment Status By Education,NIL,Highschool,"Washington County, Maryland",7962,,"7,962",,
2017,Employment Status By Education,NIL,Some College,"Washington County, Maryland",5962,,"5,962",,
2017,Employment Status By Education,NIL,Bachelor's or Higher,"Washington County, Maryland",2589,,"2,589",,
2016,Employment Status By Education,Employed,Less than Highschool,"Washington County, Maryland",3723,,"3,723",,
2016,Employment Status By Education,Employed,Highschool,"Washington County, Maryland",19422,,"19,422",,
2016,Employment Status By Education,Employed,Some College,"Washington County, Maryland",17977,,"17,977",,
2016,Employment Status By Education,Employed,Bachelor's or Higher,"Washington County, Maryland",14343,,"14,343",,
2016,Employment Status By Education,Unemployed,Less than Highschool,"Washington County, Maryland",508,,508,,
2016,Employment Status By Education,Unemployed,Highschool,"Washington County, Maryland",1497,,"1,497",,
2016,Employment Status By Education,Unemployed,Some College,"Washington County, Maryland",1168,,"1,168",,
2016,Employment Status By Education,Unemployed,Bachelor's or Higher,"Washington County, Maryland",397,,397,,
2016,Employment Status By Education,NIL,Less than Highschool,"Washington County, Maryland",4685,,"4,685",,
2016,Employment Status By Education,NIL,Highschool,"Washington County, Maryland",7988,,"7,988",,
2016,Employment Status By Education,NIL,Some College,"Washington County, Maryland",5793,,"5,793",,
2016,Employment Status By Education,NIL,Bachelor's or Higher,"Washington County, Maryland",2375,,"2,375",,
2015,Employment Status By Education,Employed,Less than Highschool,"Washington County, Maryland",3653,,"3,653",,
2015,Employment Status By Education,Employed,Highschool,"Washington County, Maryland",19757,,"19,757",,
2015,Employment Status By Education,Employed,Some College,"Washington County, Maryland",18195,,"18,195",,
2015,Employment Status By Education,Employed,Bachelor's or Higher,"Washington County, Maryland",14344,,"14,344",,
2015,Employment Status By Education,Unemployed,Less than Highschool,"Washington County, Maryland",610,,610,,
2015,Employment Status By Education,Unemployed,Highschool,"Washington County, Maryland",1711,,"1,711",,
2015,Employment Status By Education,Unemployed,Some College,"Washington County, Maryland",1311,,"1,311",,
2015,Employment Status By Education,Unemployed,Bachelor's or Higher,"Washington County, Maryland",487,,487,,
2015,Employment Status By Education,NIL,Less than Highschool,"Washington County, Maryland",4621,,"4,621",,
2015,Employment Status By Education,NIL,Highschool,"Washington County, Maryland",7857,,"7,857",,
2015,Employment Status By Education,NIL,Some College,"Washington County, Maryland",5455,,"5,455",,
2015,Employment Status By Education,NIL,Bachelor's or Higher,"Washington County, Maryland",2260,,"2,260",,
2017,Employment Status By Poverty Status,Labor Force,Above Poverty,"Washington County, Maryland",67007,,"67,007",,
2017,Employment Status By Poverty Status,Labor Force,Below Poverty,"Washington County, Maryland",5216,,"5,216",,
2017,Employment Status By Poverty Status,Employed,Above Poverty,"Washington County, Maryland",63561,,"63,561",,
2017,Employment Status By Poverty Status,Employed,Below Poverty,"Washington County, Maryland",3764,,"3,764",,
2017,Employment Status By Poverty Status,Unemployed,Above Poverty,"Washington County, Maryland",3446,,"3,446",,
2017,Employment Status By Poverty Status,Unemployed,Below Poverty,"Washington County, Maryland",1452,,"1,452",,
2016,Employment Status By Poverty Status,Labor Force,Above Poverty,"Washington County, Maryland",67169,,"67,169",,
2016,Employment Status By Poverty Status,Labor Force,Below Poverty,"Washington County, Maryland",5302,,"5,302",,
2016,Employment Status By Poverty Status,Employed,Above Poverty,"Washington County, Maryland",63441,,"63,441",,
2016,Employment Status By Poverty Status,Employed,Below Poverty,"Washington County, Maryland",3621,,"3,621",,
2016,Employment Status By Poverty Status,Unemployed,Above Poverty,"Washington County, Maryland",3728,,"3,728",,
2016,Employment Status By Poverty Status,Unemployed,Below Poverty,"Washington County, Maryland",1681,,"1,681",,
2015,Employment Status By Poverty Status,Labor Force,Above Poverty,"Washington County, Maryland",68253,,"68,253",,
2015,Employment Status By Poverty Status,Labor Force,Below Poverty,"Washington County, Maryland",5519,,"5,519",,
2015,Employment Status By Poverty Status,Employed,Above Poverty,"Washington County, Maryland",63974,,"63,974",,
2015,Employment Status By Poverty Status,Employed,Below Poverty,"Washington County, Maryland",3534,,"3,534",,
2015,Employment Status By Poverty Status,Unemployed,Above Poverty,"Washington County, Maryland",4279,,"4,279",,
2015,Employment Status By Poverty Status,Unemployed,Below Poverty,"Washington County, Maryland",1985,,"1,985",,
2017,Median Household Income,,,"Washington County, Maryland",58260,,"58,260",,
2016,Median Household Income,,,"Washington County, Maryland",56316,,"56,316",,
2015,Median Household Income,,,"Washington County, Maryland",56228,,"56,228",,
2017,Total Population,,,"Washington County, Maryland",149546,,"149,546",,
2016,Total Population,,,"Washington County, Maryland",149571,,"149,571",,
2015,Total Population,,,"Washington County, Maryland",149270,,"149,270",,
2017,Unemployment By Gender,,Male,"Washington County, Maryland",6.4,0.064,6.40%,,
2017,Unemployment By Gender,,Female,"Washington County, Maryland",6,0.06,6.00%,,
2016,Unemployment By Gender,,Male,"Washington County, Maryland",6.8,0.068,6.80%,,
2016,Unemployment By Gender,,Female,"Washington County, Maryland",7,0.07,7.00%,,
2015,Unemployment By Gender,,Male,"Washington County, Maryland",8,0.08,8.00%,,
2015,Unemployment By Gender,,Female,"Washington County, Maryland",7.4,0.074,7.40%,,
2017,Unemployment By Race,,White,"Washington County, Maryland",5.9,0.059,5.90%,,
2017,Unemployment By Race,,Black,"Washington County, Maryland",15.8,0.158,15.80%,,
2017,Unemployment By Race,,Asian,"Washington County, Maryland",2.8,0.028,2.80%,,
2017,Unemployment By Race,,Hispanic,"Washington County, Maryland",13,0.13,13.00%,,
2016,Unemployment By Race,,White,"Washington County, Maryland",6.7,0.067,6.70%,,
2016,Unemployment By Race,,Black,"Washington County, Maryland",16.3,0.163,16.30%,,
2016,Unemployment By Race,,Asian,"Washington County, Maryland",2.4,0.024,2.40%,,
2016,Unemployment By Race,,Hispanic,"Washington County, Maryland",13,0.13,13.00%,,
2015,Unemployment By Race,,White,"Washington County, Maryland",7.9,0.079,7.90%,,
2015,Unemployment By Race,,Black,"Washington County, Maryland",15.7,0.157,15.70%,,
2015,Unemployment By Race,,Asian,"Washington County, Maryland",3.8,0.038,3.80%,,
2015,Unemployment By Race,,Hispanic,"Washington County, Maryland",11.5,0.115,11.50%,,
2017,Unemployment By Veteran Status,,Veteran,"Washington County, Maryland",5.4,0.054,5.40%,,
2017,Unemployment By Veteran Status,,Non Veteran,"Washington County, Maryland",6.6,0.066,6.60%,,
2016,Unemployment By Veteran Status,,Veteran,"Washington County, Maryland",7.2,0.072,7.20%,,
2016,Unemployment By Veteran Status,,Non Veteran,"Washington County, Maryland",7.2,0.072,7.20%,,
2015,Unemployment By Veteran Status,,Veteran,"Washington County, Maryland",8.1,0.081,8.10%,,
2015,Unemployment By Veteran Status,,Non Veteran,"Washington County, Maryland",8.3,0.083,8.30%,,
2015Q1,Number of TANF Recipient Workers,Employed,,"Washington County, Maryland",114,,114,,114
2015Q2,Number of TANF Recipient Workers,Employed,,"Washington County, Maryland",139,,139,,139
2015Q3,Number of TANF Recipient Workers,Employed,,"Washington County, Maryland",125,,125,,125
2015Q4,Number of TANF Recipient Workers,Employed,,"Washington County, Maryland",165,,165,,165
2016Q1,Number of TANF Recipient Workers,Employed,,"Washington County, Maryland",129,,129,,129
2016Q2,Number of TANF Recipient Workers,Employed,,"Washington County, Maryland",136,,136,,136
2016Q3,Number of TANF Recipient Workers,Employed,,"Washington County, Maryland",135,,135,,135
2016Q4,Number of TANF Recipient Workers,Employed,,"Washington County, Maryland",137,,137,,137
2015Q1,Percentage of Workforce Training Program/Service Participants in TANF,Employed,,"Washington County, Maryland",0.027451,0.027,2.75%,,0.027
2015Q2,Percentage of Workforce Training Program/Service Participants in TANF,Employed,,"Washington County, Maryland",0.03393,0.034,3.39%,,0.034
2015Q3,Percentage of Workforce Training Program/Service Participants in TANF,Employed,,"Washington County, Maryland",0.029284,0.029,2.93%,0.029284,2.90%
2015Q4,Percentage of Workforce Training Program/Service Participants in TANF,Employed,,"Washington County, Maryland",0.027888,0.028,2.79%,0.027888,2.80%
2016Q1,Percentage of Workforce Training Program/Service Participants in TANF,Employed,,"Washington County, Maryland",0.017735,0.018,1.77%,0.017735,1.80%
2016Q2,Percentage of Workforce Training Program/Service Participants in TANF,Employed,,"Washington County, Maryland",0.02897,0.029,2.90%,0.02897,2.90%
2016Q3,Percentage of Workforce Training Program/Service Participants in TANF,Employed,,"Washington County, Maryland",0.033333,0.033,3.33%,0.033333,3.30%
2016Q4,Percentage of Workforce Training Program/Service Participants in TANF,Employed,,"Washington County, Maryland",0.021429,0.021,2.14%,0.021429,2.10%
2017Q1,Number of TANF Recipient Workers,Employed,,"Washington County, Maryland",131,,131,,131
2017Q2,Number of TANF Recipient Workers,Employed,,"Washington County, Maryland",145,,145,,145
2017Q1,Percentage of Workforce Training Program/Service Participants in TANF,Employed,,"Washington County, Maryland",0.0222,,2.22%,0.0222,2.20%
2017Q2,Percentage of Workforce Training Program/Service Participants in TANF,Employed,,"Washington County, Maryland",0.025451,,2.55%,0.025451,2.50%
2016Q3,Percentage of TANF Recipients among Maryland Workers,Employed,,"Washington County, Maryland",0.00201,,0.20%,0.00201,0.20%
2016Q4,Percentage of TANF Recipients among Maryland Workers,Employed,,"Washington County, Maryland",0.002022,,0.20%,0.002022,0.20%
2017Q1,Percentage of TANF Recipients among Maryland Workers,Employed,,"Washington County, Maryland",0.001969,,0.20%,0.001969,0.20%
2017Q2,Percentage of TANF Recipients among Maryland Workers,Employed,,"Washington County, Maryland",0.002144,,0.21%,0.002144,0.21%
2016,SNAP Recipient Workers,,,"Washington County, Maryland",9340,,"9,340",,
2017,SNAP Recipient Workers,,,"Washington County, Maryland",9083,,"9,083",,
2018,SNAP Recipient Workers,,,"Washington County, Maryland",9015,,"9,015",,
2016,SNAP Recipient Workers by Percentage,,,"Washington County, Maryland",0.0344,3.44,3.44%,,
2017,SNAP Recipient Workers by Percentage,,,"Washington County, Maryland",0.0335,3.35,3.35%,,
2018,SNAP Recipient Workers by Percentage,,,"Washington County, Maryland",0.0327,3.27,3.27%,,
2015,Work Experience by Gender,Not Working,Male,"Washington County, Maryland","74,744",,"74,744",,
2015,Work Experience by Gender,Part Time,Male,"Washington County, Maryland","7,872",,"7,872",,
2015,Work Experience by Gender,Full Time,Male,"Washington County, Maryland","69,931",,"69,931",,
2015,Work Experience by Gender,Not Working,Female,"Washington County, Maryland","74,214",,"74,214",,
2015,Work Experience by Gender,Part Time,Female,"Washington County, Maryland","14,370",,"14,370",,
2015,Work Experience by Gender,Full Time,Female,"Washington County, Maryland","58,110",,"58,110",,
2016,Work Experience by Gender,Not Working,Male,"Washington County, Maryland","76,188",,"76,188",,
2016,Work Experience by Gender,Part Time,Male,"Washington County, Maryland","8,170",,"8,170",,
2016,Work Experience by Gender,Full Time,Male,"Washington County, Maryland","68,629",,"68,629",,
2016,Work Experience by Gender,Not Working,Female,"Washington County, Maryland","77,522",,"77,522",,
2016,Work Experience by Gender,Part Time,Female,"Washington County, Maryland","15,788",,"15,788",,
2016,Work Experience by Gender,Full Time,Female,"Washington County, Maryland","53,774",,"53,774",,
2017,Work Experience by Gender,Not Working,Male,"Washington County, Maryland","74,254",,"74,254",,
2017,Work Experience by Gender,Part Time,Male,"Washington County, Maryland","9,754",,"9,754",,
2017,Work Experience by Gender,Full Time,Male,"Washington County, Maryland","68,975",,"68,975",,
2017,Work Experience by Gender,Not Working,Female,"Washington County, Maryland","75,974",,"75,974",,
2017,Work Experience by Gender,Part Time,Female,"Washington County, Maryland","16,134",,"16,134",,
2017,Work Experience by Gender,Full Time,Female,"Washington County, Maryland","54,916",,"54,916",,
2015,Work Experience by Race,Not Working,White,"Washington County, Maryland","118,101",,"118,101",,
2015,Work Experience by Race,Not Working,Black,"Washington County, Maryland","19,740",,"19,740",,
2015,Work Experience by Race,Not Working,American,"Washington County, Maryland",250,,250,,
2015,Work Experience by Race,Not Working,Chinese,"Washington County, Maryland",182,,182,,
2015,Work Experience by Race,Not Working,Japanese,"Washington County, Maryland",19,,19,,
2015,Work Experience by Race,Not Working,Other Asian,"Washington County, Maryland","1,650",,"1,650",,
2015,Work Experience by Race,Not Working,Other Race,"Washington County, Maryland","1,098",,"1,098",,
2015,Work Experience by Race,Not Working,Two Major Races,"Washington County, Maryland","7,506",,"7,506",,
2015,Work Experience by Race,Not Working,Three or More,"Washington County, Maryland",412,,412,,
2015,Work Experience by Race,Part Time,White,"Washington County, Maryland","19,836",,"19,836",,
2015,Work Experience by Race,Part Time,Black,"Washington County, Maryland","1,615",,"1,615",,
2015,Work Experience by Race,Part Time,American,"Washington County, Maryland",5,,5,,
2015,Work Experience by Race,Part Time,Chinese,"Washington County, Maryland",60,,60,,
2015,Work Experience by Race,Part Time,Japanese,"Washington County, Maryland",15,,15,,
2015,Work Experience by Race,Part Time,Other Asian,"Washington County, Maryland",180,,180,,
2015,Work Experience by Race,Part Time,Other Race,"Washington County, Maryland",159,,159,,
2015,Work Experience by Race,Part Time,Two Major Races,"Washington County, Maryland",333,,333,,
2015,Work Experience by Race,Part Time,Three or More,"Washington County, Maryland",39,,39,,
2015,Work Experience by Race,Full Time,White,"Washington County, Maryland","111,110",,"111,110",,
2015,Work Experience by Race,Full Time,Black,"Washington County, Maryland","11,182",,"11,182",,
2015,Work Experience by Race,Full Time,American,"Washington County, Maryland",313,,313,,
2015,Work Experience by Race,Full Time,Chinese,"Washington County, Maryland",594,,594,,
2015,Work Experience by Race,Full Time,Japanese,"Washington County, Maryland",27,,27,,
2015,Work Experience by Race,Full Time,Other Asian,"Washington County, Maryland","1,948",,"1,948",,
2015,Work Experience by Race,Full Time,Other Race,"Washington County, Maryland","1,144",,"1,144",,
2015,Work Experience by Race,Full Time,Two Major Races,"Washington County, Maryland","1,560",,"1,560",,
2015,Work Experience by Race,Full Time,Three or More,"Washington County, Maryland",163,,163,,
2016,Work Experience by Race,Not Working,White,"Washington County, Maryland","122,983",,"122,983",,
2016,Work Experience by Race,Not Working,Black,"Washington County, Maryland","20,561",,"20,561",,
2016,Work Experience by Race,Not Working,American,"Washington County, Maryland",170,,170,,
2016,Work Experience by Race,Not Working,Chinese,"Washington County, Maryland",178,,178,,
2016,Work Experience by Race,Not Working,Japanese,"Washington County, Maryland",17,,17,,
2016,Work Experience by Race,Not Working,Other Asian,"Washington County, Maryland","1,668",,"1,668",,
2016,Work Experience by Race,Not Working,Other Race,"Washington County, Maryland",571,,571,,
2016,Work Experience by Race,Not Working,Two Major Races,"Washington County, Maryland","7,132",,"7,132",,
2016,Work Experience by Race,Not Working,Three or More,"Washington County, Maryland",430,,430,,
2016,Work Experience by Race,Part Time,White,"Washington County, Maryland","20,194",,"20,194",,
2016,Work Experience by Race,Part Time,Black,"Washington County, Maryland","1,672",,"1,672",,
2016,Work Experience by Race,Part Time,American,"Washington County, Maryland",1,,1,,
2016,Work Experience by Race,Part Time,Chinese,"Washington County, Maryland",57,,57,,
2016,Work Experience by Race,Part Time,Japanese,"Washington County, Maryland",0,, -   ,,
2016,Work Experience by Race,Part Time,Other Asian,"Washington County, Maryland",677,,677,,
2016,Work Experience by Race,Part Time,Other Race,"Washington County, Maryland",50,,50,,
2016,Work Experience by Race,Part Time,Two Major Races,"Washington County, Maryland","1,286",,"1,286",,
2016,Work Experience by Race,Part Time,Three or More,"Washington County, Maryland",21,,21,,
2016,Work Experience by Race,Full Time,White,"Washington County, Maryland","108,439",,"108,439",,
2016,Work Experience by Race,Full Time,Black,"Washington County, Maryland","8,940",,"8,940",,
2016,Work Experience by Race,Full Time,American,"Washington County, Maryland",265,,265,,
2016,Work Experience by Race,Full Time,Chinese,"Washington County, Maryland",209,,209,,
2016,Work Experience by Race,Full Time,Japanese,"Washington County, Maryland",200,,200,,
2016,Work Experience by Race,Full Time,Other Asian,"Washington County, Maryland","1,730",,"1,730",,
2016,Work Experience by Race,Full Time,Other Race,"Washington County, Maryland",404,,404,,
2016,Work Experience by Race,Full Time,Two Major Races,"Washington County, Maryland","2,079",,"2,079",,
2016,Work Experience by Race,Full Time,Three or More,"Washington County, Maryland",137,,137,,
2017,Work Experience by Race,Not Working,White,"Washington County, Maryland","118,228",,"118,228",,
2017,Work Experience by Race,Not Working,Black,"Washington County, Maryland","18,791",,"18,791",,
2017,Work Experience by Race,Not Working,American,"Washington County, Maryland",389,,389,,
2017,Work Experience by Race,Not Working,Chinese,"Washington County, Maryland",27,,27,,
2017,Work Experience by Race,Not Working,Japanese,"Washington County, Maryland",484,,484,,
2017,Work Experience by Race,Not Working,Other Asian,"Washington County, Maryland","2,824",,"2,824",,
2017,Work Experience by Race,Not Working,Other Race,"Washington County, Maryland","1,629",,"1,629",,
2017,Work Experience by Race,Not Working,Two Major Races,"Washington County, Maryland","7,198",,"7,198",,
2017,Work Experience by Race,Not Working,Three or More,"Washington County, Maryland",658,,658,,
2017,Work Experience by Race,Part Time,White,"Washington County, Maryland","22,287",,"22,287",,
2017,Work Experience by Race,Part Time,Black,"Washington County, Maryland","2,214",,"2,214",,
2017,Work Experience by Race,Part Time,American,"Washington County, Maryland",0,, -   ,,
2017,Work Experience by Race,Part Time,Chinese,"Washington County, Maryland",148,,148,,
2017,Work Experience by Race,Part Time,Japanese,"Washington County, Maryland",0,, -   ,,
2017,Work Experience by Race,Part Time,Other Asian,"Washington County, Maryland",227,,227,,
2017,Work Experience by Race,Part Time,Other Race,"Washington County, Maryland",214,,214,,
2017,Work Experience by Race,Part Time,Two Major Races,"Washington County, Maryland",627,,627,,
2017,Work Experience by Race,Part Time,Three or More,"Washington County, Maryland",171,,171,,
2017,Work Experience by Race,Full Time,White,"Washington County, Maryland","107,230",,"107,230",,
2017,Work Experience by Race,Full Time,Black,"Washington County, Maryland","10,439",,"10,439",,
2017,Work Experience by Race,Full Time,American,"Washington County, Maryland",216,,216,,
2017,Work Experience by Race,Full Time,Chinese,"Washington County, Maryland",233,,233,,
2017,Work Experience by Race,Full Time,Japanese,"Washington County, Maryland",41,,41,,
2017,Work Experience by Race,Full Time,Other Asian,"Washington County, Maryland","1,804",,"1,804",,
2017,Work Experience by Race,Full Time,Other Race,"Washington County, Maryland","1,827",,"1,827",,
2017,Work Experience by Race,Full Time,Two Major Races,"Washington County, Maryland","2,017",,"2,017",,
2017,Work Experience by Race,Full Time,Three or More,"Washington County, Maryland",84,,84,,
2015,Work Experience by Education,Not Working,N/A,"Washington County, Maryland","9,386",,"9,386",,
2015,Work Experience by Education,Not Working,No School,"Washington County, Maryland","9,070",,"9,070",,
2015,Work Experience by Education,Not Working,Nursery,"Washington County, Maryland","3,019",,"3,019",,
2015,Work Experience by Education,Not Working,Kindergarten,"Washington County, Maryland","4,064",,"4,064",,
2015,Work Experience by Education,Not Working,Grade 1,"Washington County, Maryland","3,659",,"3,659",,
2015,Work Experience by Education,Not Working,Grade 2,"Washington County, Maryland","4,595",,"4,595",,
2015,Work Experience by Education,Not Working,Grade 3,"Washington County, Maryland","3,855",,"3,855",,
2015,Work Experience by Education,Not Working,Grade 4,"Washington County, Maryland","4,774",,"4,774",,
2015,Work Experience by Education,Not Working,Grade 5,"Washington County, Maryland","3,465",,"3,465",,
2015,Work Experience by Education,Not Working,Grade 6,"Washington County, Maryland","4,559",,"4,559",,
2015,Work Experience by Education,Not Working,Grade 7,"Washington County, Maryland","3,765",,"3,765",,
2015,Work Experience by Education,Not Working,Grade 8,"Washington County, Maryland","6,284",,"6,284",,
2015,Work Experience by Education,Not Working,Grade 9,"Washington County, Maryland","7,125",,"7,125",,
2015,Work Experience by Education,Not Working,Grade 10,"Washington County, Maryland","9,092",,"9,092",,
2015,Work Experience by Education,Not Working,Grade 11,"Washington County, Maryland","7,247",,"7,247",,
2015,Work Experience by Education,Not Working,Grade 12,"Washington County, Maryland","1,773",,"1,773",,
2015,Work Experience by Education,Not Working,Regular Highschool Diploma,"Washington County, Maryland","28,814",,"28,814",,
2015,Work Experience by Education,Not Working,GED,"Washington County, Maryland","5,968",,"5,968",,
2015,Work Experience by Education,Not Working,Some College,"Washington County, Maryland","5,689",,"5,689",,
2015,Work Experience by Education,Not Working,1 or more,"Washington County, Maryland","9,004",,"9,004",,
2015,Work Experience by Education,Not Working,Associate,"Washington County, Maryland","4,465",,"4,465",,
2015,Work Experience by Education,Not Working,Bachlor's,"Washington County, Maryland","5,771",,"5,771",,
2015,Work Experience by Education,Not Working,Master's,"Washington County, Maryland","2,685",,"2,685",,
2015,Work Experience by Education,Not Working,Professional,"Washington County, Maryland",610,,610,,
2015,Work Experience by Education,Not Working,Doctoral,"Washington County, Maryland",220,,220,,
2015,Work Experience by Education,Part Time,N/A,"Washington County, Maryland",0,, -   ,,
2015,Work Experience by Education,Part Time,No School,"Washington County, Maryland",70,,70,,
2015,Work Experience by Education,Part Time,Nursery,"Washington County, Maryland",0,, -   ,,
2015,Work Experience by Education,Part Time,Kindergarten,"Washington County, Maryland",0,, -   ,,
2015,Work Experience by Education,Part Time,Grade 1,"Washington County, Maryland",0,, -   ,,
2015,Work Experience by Education,Part Time,Grade 2,"Washington County, Maryland",0,, -   ,,
2015,Work Experience by Education,Part Time,Grade 3,"Washington County, Maryland",0,, -   ,,
2015,Work Experience by Education,Part Time,Grade 4,"Washington County, Maryland",0,, -   ,,
2015,Work Experience by Education,Part Time,Grade 5,"Washington County, Maryland",28,,28,,
2015,Work Experience by Education,Part Time,Grade 6,"Washington County, Maryland",0,, -   ,,
2015,Work Experience by Education,Part Time,Grade 7,"Washington County, Maryland",20,,20,,
2015,Work Experience by Education,Part Time,Grade 8,"Washington County, Maryland",585,,585,,
2015,Work Experience by Education,Part Time,Grade 9,"Washington County, Maryland",358,,358,,
2015,Work Experience by Education,Part Time,Grade 10,"Washington County, Maryland",827,,827,,
2015,Work Experience by Education,Part Time,Grade 11,"Washington County, Maryland",902,,902,,
2015,Work Experience by Education,Part Time,Grade 12,"Washington County, Maryland",298,,298,,
2015,Work Experience by Education,Part Time,Regular Highschool Diploma,"Washington County, Maryland","6,465",,"6,465",,
2015,Work Experience by Education,Part Time,GED,"Washington County, Maryland",695,,695,,
2015,Work Experience by Education,Part Time,Some College,"Washington County, Maryland","2,720",,"2,720",,
2015,Work Experience by Education,Part Time,1 or more,"Washington County, Maryland","3,685",,"3,685",,
2015,Work Experience by Education,Part Time,Associate,"Washington County, Maryland","1,765",,"1,765",,
2015,Work Experience by Education,Part Time,Bachlor's,"Washington County, Maryland","2,738",,"2,738",,
2015,Work Experience by Education,Part Time,Master's,"Washington County, Maryland","1,028",,"1,028",,
2015,Work Experience by Education,Part Time,Professional,"Washington County, Maryland",42,,42,,
2015,Work Experience by Education,Part Time,Doctoral,"Washington County, Maryland",16,,16,,
2015,Work Experience by Education,Full Time,N/A,"Washington County, Maryland",0,, -   ,,
2015,Work Experience by Education,Full Time,No School,"Washington County, Maryland",347,,347,,
2015,Work Experience by Education,Full Time,Nursery,"Washington County, Maryland",0,, -   ,,
2015,Work Experience by Education,Full Time,Kindergarten,"Washington County, Maryland",0,, -   ,,
2015,Work Experience by Education,Full Time,Grade 1,"Washington County, Maryland",0,, -   ,,
2015,Work Experience by Education,Full Time,Grade 2,"Washington County, Maryland",17,,17,,
2015,Work Experience by Education,Full Time,Grade 3,"Washington County, Maryland",39,,39,,
2015,Work Experience by Education,Full Time,Grade 4,"Washington County, Maryland",18,,18,,
2015,Work Experience by Education,Full Time,Grade 5,"Washington County, Maryland",0,, -   ,,
2015,Work Experience by Education,Full Time,Grade 6,"Washington County, Maryland",67,,67,,
2015,Work Experience by Education,Full Time,Grade 7,"Washington County, Maryland",214,,214,,
2015,Work Experience by Education,Full Time,Grade 8,"Washington County, Maryland",199,,199,,
2015,Work Experience by Education,Full Time,Grade 9,"Washington County, Maryland","1,072",,"1,072",,
2015,Work Experience by Education,Full Time,Grade 10,"Washington County, Maryland","2,700",,"2,700",,
2015,Work Experience by Education,Full Time,Grade 11,"Washington County, Maryland","2,301",,"2,301",,
2015,Work Experience by Education,Full Time,Grade 12,"Washington County, Maryland","1,299",,"1,299",,
2015,Work Experience by Education,Full Time,Regular Highschool Diploma,"Washington County, Maryland","45,118",,"45,118",,
2015,Work Experience by Education,Full Time,GED,"Washington County, Maryland","4,126",,"4,126",,
2015,Work Experience by Education,Full Time,Some College,"Washington County, Maryland","9,922",,"9,922",,
2015,Work Experience by Education,Full Time,1 or more,"Washington County, Maryland","18,810",,"18,810",,
2015,Work Experience by Education,Full Time,Associate,"Washington County, Maryland","11,590",,"11,590",,
2015,Work Experience by Education,Full Time,Bachlor's,"Washington County, Maryland","19,586",,"19,586",,
2015,Work Experience by Education,Full Time,Master's,"Washington County, Maryland","8,936",,"8,936",,
2015,Work Experience by Education,Full Time,Professional,"Washington County, Maryland",900,,900,,
2015,Work Experience by Education,Full Time,Doctoral,"Washington County, Maryland",780,,780,,
2016,Work Experience by Education,Not Working,N/A,"Washington County, Maryland","8,904",,"8,904",,
2016,Work Experience by Education,Not Working,No School,"Washington County, Maryland","9,928",,"9,928",,
2016,Work Experience by Education,Not Working,Nursery,"Washington County, Maryland","3,718",,"3,718",,
2016,Work Experience by Education,Not Working,Kindergarten,"Washington County, Maryland","4,824",,"4,824",,
2016,Work Experience by Education,Not Working,Grade 1,"Washington County, Maryland","3,061",,"3,061",,
2016,Work Experience by Education,Not Working,Grade 2,"Washington County, Maryland","4,579",,"4,579",,
2016,Work Experience by Education,Not Working,Grade 3,"Washington County, Maryland","4,479",,"4,479",,
2016,Work Experience by Education,Not Working,Grade 4,"Washington County, Maryland","3,235",,"3,235",,
2016,Work Experience by Education,Not Working,Grade 5,"Washington County, Maryland","3,580",,"3,580",,
2016,Work Experience by Education,Not Working,Grade 6,"Washington County, Maryland","4,428",,"4,428",,
2016,Work Experience by Education,Not Working,Grade 7,"Washington County, Maryland","4,453",,"4,453",,
2016,Work Experience by Education,Not Working,Grade 8,"Washington County, Maryland","6,928",,"6,928",,
2016,Work Experience by Education,Not Working,Grade 9,"Washington County, Maryland","6,740",,"6,740",,
2016,Work Experience by Education,Not Working,Grade 10,"Washington County, Maryland","7,105",,"7,105",,
2016,Work Experience by Education,Not Working,Grade 11,"Washington County, Maryland","6,835",,"6,835",,
2016,Work Experience by Education,Not Working,Grade 12,"Washington County, Maryland","3,437",,"3,437",,
2016,Work Experience by Education,Not Working,Regular Highschool Diploma,"Washington County, Maryland","28,517",,"28,517",,
2016,Work Experience by Education,Not Working,GED,"Washington County, Maryland","7,616",,"7,616",,
2016,Work Experience by Education,Not Working,Some College,"Washington County, Maryland","7,934",,"7,934",,
2016,Work Experience by Education,Not Working,1 or more,"Washington County, Maryland","9,361",,"9,361",,
2016,Work Experience by Education,Not Working,Associate,"Washington County, Maryland","3,647",,"3,647",,
2016,Work Experience by Education,Not Working,Bachlor's,"Washington County, Maryland","5,945",,"5,945",,
2016,Work Experience by Education,Not Working,Master's,"Washington County, Maryland","3,622",,"3,622",,
2016,Work Experience by Education,Not Working,Professional,"Washington County, Maryland",603,,603,,
2016,Work Experience by Education,Not Working,Doctoral,"Washington County, Maryland",231,,231,,
2016,Work Experience by Education,Part Time,N/A,"Washington County, Maryland",0,, -   ,,
2016,Work Experience by Education,Part Time,No School,"Washington County, Maryland",161,,161,,
2016,Work Experience by Education,Part Time,Nursery,"Washington County, Maryland",0,, -   ,,
2016,Work Experience by Education,Part Time,Kindergarten,"Washington County, Maryland",227,,227,,
2016,Work Experience by Education,Part Time,Grade 1,"Washington County, Maryland",0,, -   ,,
2016,Work Experience by Education,Part Time,Grade 2,"Washington County, Maryland",0,, -   ,,
2016,Work Experience by Education,Part Time,Grade 3,"Washington County, Maryland",0,, -   ,,
2016,Work Experience by Education,Part Time,Grade 4,"Washington County, Maryland",0,, -   ,,
2016,Work Experience by Education,Part Time,Grade 5,"Washington County, Maryland",29,,29,,
2016,Work Experience by Education,Part Time,Grade 6,"Washington County, Maryland",0,, -   ,,
2016,Work Experience by Education,Part Time,Grade 7,"Washington County, Maryland",0,, -   ,,
2016,Work Experience by Education,Part Time,Grade 8,"Washington County, Maryland",311,,311,,
2016,Work Experience by Education,Part Time,Grade 9,"Washington County, Maryland",220,,220,,
2016,Work Experience by Education,Part Time,Grade 10,"Washington County, Maryland","1,261",,"1,261",,
2016,Work Experience by Education,Part Time,Grade 11,"Washington County, Maryland","1,162",,"1,162",,
2016,Work Experience by Education,Part Time,Grade 12,"Washington County, Maryland",747,,747,,
2016,Work Experience by Education,Part Time,Regular Highschool Diploma,"Washington County, Maryland","5,616",,"5,616",,
2016,Work Experience by Education,Part Time,GED,"Washington County, Maryland",906,,906,,
2016,Work Experience by Education,Part Time,Some College,"Washington County, Maryland","2,439",,"2,439",,
2016,Work Experience by Education,Part Time,1 or more,"Washington County, Maryland","4,474",,"4,474",,
2016,Work Experience by Education,Part Time,Associate,"Washington County, Maryland","2,043",,"2,043",,
2016,Work Experience by Education,Part Time,Bachlor's,"Washington County, Maryland","2,836",,"2,836",,
2016,Work Experience by Education,Part Time,Master's,"Washington County, Maryland","1,482",,"1,482",,
2016,Work Experience by Education,Part Time,Professional,"Washington County, Maryland",41,,41,,
2016,Work Experience by Education,Part Time,Doctoral,"Washington County, Maryland",3,,3,,
2016,Work Experience by Education,Full Time,N/A,"Washington County, Maryland",0,, -   ,,
2016,Work Experience by Education,Full Time,No School,"Washington County, Maryland",732,,732,,
2016,Work Experience by Education,Full Time,Nursery,"Washington County, Maryland",0,, -   ,,
2016,Work Experience by Education,Full Time,Kindergarten,"Washington County, Maryland",0,, -   ,,
2016,Work Experience by Education,Full Time,Grade 1,"Washington County, Maryland",0,, -   ,,
2016,Work Experience by Education,Full Time,Grade 2,"Washington County, Maryland",14,,14,,
2016,Work Experience by Education,Full Time,Grade 3,"Washington County, Maryland",180,,180,,
2016,Work Experience by Education,Full Time,Grade 4,"Washington County, Maryland",7,,7,,
2016,Work Experience by Education,Full Time,Grade 5,"Washington County, Maryland",0,, -   ,,
2016,Work Experience by Education,Full Time,Grade 6,"Washington County, Maryland",151,,151,,
2016,Work Experience by Education,Full Time,Grade 7,"Washington County, Maryland",47,,47,,
2016,Work Experience by Education,Full Time,Grade 8,"Washington County, Maryland",206,,206,,
2016,Work Experience by Education,Full Time,Grade 9,"Washington County, Maryland","1,857",,"1,857",,
2016,Work Experience by Education,Full Time,Grade 10,"Washington County, Maryland","3,115",,"3,115",,
2016,Work Experience by Education,Full Time,Grade 11,"Washington County, Maryland","1,786",,"1,786",,
2016,Work Experience by Education,Full Time,Grade 12,"Washington County, Maryland","1,621",,"1,621",,
2016,Work Experience by Education,Full Time,Regular Highschool Diploma,"Washington County, Maryland","41,175",,"41,175",,
2016,Work Experience by Education,Full Time,GED,"Washington County, Maryland","6,653",,"6,653",,
2016,Work Experience by Education,Full Time,Some College,"Washington County, Maryland","10,199",,"10,199",,
2016,Work Experience by Education,Full Time,1 or more,"Washington County, Maryland","17,304",,"17,304",,
2016,Work Experience by Education,Full Time,Associate,"Washington County, Maryland","10,258",,"10,258",,
2016,Work Experience by Education,Full Time,Bachlor's,"Washington County, Maryland","17,547",,"17,547",,
2016,Work Experience by Education,Full Time,Master's,"Washington County, Maryland","7,630",,"7,630",,
2016,Work Experience by Education,Full Time,Professional,"Washington County, Maryland",937,,937,,
2016,Work Experience by Education,Full Time,Doctoral,"Washington County, Maryland",984,,984,,
2017,Work Experience by Education,Not Working,N/A,"Washington County, Maryland","9,450",,"9,450",,
2017,Work Experience by Education,Not Working,No School,"Washington County, Maryland","8,442",,"8,442",,
2017,Work Experience by Education,Not Working,Nursery,"Washington County, Maryland","3,561",,"3,561",,
2017,Work Experience by Education,Not Working,Kindergarten,"Washington County, Maryland","4,155",,"4,155",,
2017,Work Experience by Education,Not Working,Grade 1,"Washington County, Maryland","2,914",,"2,914",,
2017,Work Experience by Education,Not Working,Grade 2,"Washington County, Maryland","3,637",,"3,637",,
2017,Work Experience by Education,Not Working,Grade 3,"Washington County, Maryland","4,028",,"4,028",,
2017,Work Experience by Education,Not Working,Grade 4,"Washington County, Maryland","3,208",,"3,208",,
2017,Work Experience by Education,Not Working,Grade 5,"Washington County, Maryland","5,110",,"5,110",,
2017,Work Experience by Education,Not Working,Grade 6,"Washington County, Maryland","3,700",,"3,700",,
2017,Work Experience by Education,Not Working,Grade 7,"Washington County, Maryland","5,232",,"5,232",,
2017,Work Experience by Education,Not Working,Grade 8,"Washington County, Maryland","6,775",,"6,775",,
2017,Work Experience by Education,Not Working,Grade 9,"Washington County, Maryland","5,919",,"5,919",,
2017,Work Experience by Education,Not Working,Grade 10,"Washington County, Maryland","6,176",,"6,176",,
2017,Work Experience by Education,Not Working,Grade 11,"Washington County, Maryland","7,442",,"7,442",,
2017,Work Experience by Education,Not Working,Grade 12,"Washington County, Maryland","1,948",,"1,948",,
2017,Work Experience by Education,Not Working,Regular Highschool Diploma,"Washington County, Maryland","28,599",,"28,599",,
2017,Work Experience by Education,Not Working,GED,"Washington County, Maryland","7,195",,"7,195",,
2017,Work Experience by Education,Not Working,Some College,"Washington County, Maryland","7,128",,"7,128",,
2017,Work Experience by Education,Not Working,1 or more,"Washington County, Maryland","9,223",,"9,223",,
2017,Work Experience by Education,Not Working,Associate,"Washington County, Maryland","4,976",,"4,976",,
2017,Work Experience by Education,Not Working,Bachlor's,"Washington County, Maryland","6,338",,"6,338",,
2017,Work Experience by Education,Not Working,Master's,"Washington County, Maryland","4,266",,"4,266",,
2017,Work Experience by Education,Not Working,Professional,"Washington County, Maryland",480,,480,,
2017,Work Experience by Education,Not Working,Doctoral,"Washington County, Maryland",326,,326,,
2017,Work Experience by Education,Part Time,N/A,"Washington County, Maryland",0,, -   ,,
2017,Work Experience by Education,Part Time,No School,"Washington County, Maryland",744,,744,,
2017,Work Experience by Education,Part Time,Nursery,"Washington County, Maryland",0,, -   ,,
2017,Work Experience by Education,Part Time,Kindergarten,"Washington County, Maryland",39,,39,,
2017,Work Experience by Education,Part Time,Grade 1,"Washington County, Maryland",0,, -   ,,
2017,Work Experience by Education,Part Time,Grade 2,"Washington County, Maryland",0,, -   ,,
2017,Work Experience by Education,Part Time,Grade 3,"Washington County, Maryland",0,, -   ,,
2017,Work Experience by Education,Part Time,Grade 4,"Washington County, Maryland",0,, -   ,,
2017,Work Experience by Education,Part Time,Grade 5,"Washington County, Maryland",0,, -   ,,
2017,Work Experience by Education,Part Time,Grade 6,"Washington County, Maryland",0,, -   ,,
2017,Work Experience by Education,Part Time,Grade 7,"Washington County, Maryland",0,, -   ,,
2017,Work Experience by Education,Part Time,Grade 8,"Washington County, Maryland",137,,137,,
2017,Work Experience by Education,Part Time,Grade 9,"Washington County, Maryland",348,,348,,
2017,Work Experience by Education,Part Time,Grade 10,"Washington County, Maryland","1,780",,"1,780",,
2017,Work Experience by Education,Part Time,Grade 11,"Washington County, Maryland","2,004",,"2,004",,
2017,Work Experience by Education,Part Time,Grade 12,"Washington County, Maryland",425,,425,,
2017,Work Experience by Education,Part Time,Regular Highschool Diploma,"Washington County, Maryland","8,111",,"8,111",,
2017,Work Experience by Education,Part Time,GED,"Washington County, Maryland",412,,412,,
2017,Work Experience by Education,Part Time,Some College,"Washington County, Maryland","2,180",,"2,180",,
2017,Work Experience by Education,Part Time,1 or more,"Washington County, Maryland","3,998",,"3,998",,
2017,Work Experience by Education,Part Time,Associate,"Washington County, Maryland","2,251",,"2,251",,
2017,Work Experience by Education,Part Time,Bachlor's,"Washington County, Maryland","2,325",,"2,325",,
2017,Work Experience by Education,Part Time,Master's,"Washington County, Maryland",889,,889,,
2017,Work Experience by Education,Part Time,Professional,"Washington County, Maryland",216,,216,,
2017,Work Experience by Education,Part Time,Doctoral,"Washington County, Maryland",29,,29,,
2017,Work Experience by Education,Full Time,N/A,"Washington County, Maryland",0,, -   ,,
2017,Work Experience by Education,Full Time,No School,"Washington County, Maryland",302,,302,,
2017,Work Experience by Education,Full Time,Nursery,"Washington County, Maryland",0,, -   ,,
2017,Work Experience by Education,Full Time,Kindergarten,"Washington County, Maryland",0,, -   ,,
2017,Work Experience by Education,Full Time,Grade 1,"Washington County, Maryland",0,, -   ,,
2017,Work Experience by Education,Full Time,Grade 2,"Washington County, Maryland",87,,87,,
2017,Work Experience by Education,Full Time,Grade 3,"Washington County, Maryland",38,,38,,
2017,Work Experience by Education,Full Time,Grade 4,"Washington County, Maryland",7,,7,,
2017,Work Experience by Education,Full Time,Grade 5,"Washington County, Maryland",0,, -   ,,
2017,Work Experience by Education,Full Time,Grade 6,"Washington County, Maryland",259,,259,,
2017,Work Experience by Education,Full Time,Grade 7,"Washington County, Maryland",43,,43,,
2017,Work Experience by Education,Full Time,Grade 8,"Washington County, Maryland",660,,660,,
2017,Work Experience by Education,Full Time,Grade 9,"Washington County, Maryland","2,179",,"2,179",,
2017,Work Experience by Education,Full Time,Grade 10,"Washington County, Maryland","2,679",,"2,679",,
2017,Work Experience by Education,Full Time,Grade 11,"Washington County, Maryland","3,069",,"3,069",,
2017,Work Experience by Education,Full Time,Grade 12,"Washington County, Maryland","1,237",,"1,237",,
2017,Work Experience by Education,Full Time,Regular Highschool Diploma,"Washington County, Maryland","34,128",,"34,128",,
2017,Work Experience by Education,Full Time,GED,"Washington County, Maryland","3,818",,"3,818",,
2017,Work Experience by Education,Full Time,Some College,"Washington County, Maryland","11,919",,"11,919",,
2017,Work Experience by Education,Full Time,1 or more,"Washington County, Maryland","16,856",,"16,856",,
2017,Work Experience by Education,Full Time,Associate,"Washington County, Maryland","12,535",,"12,535",,
2017,Work Experience by Education,Full Time,Bachlor's,"Washington County, Maryland","21,391",,"21,391",,
2017,Work Experience by Education,Full Time,Master's,"Washington County, Maryland","10,422",,"10,422",,
2017,Work Experience by Education,Full Time,Professional,"Washington County, Maryland","1,156",,"1,156",,
2017,Work Experience by Education,Full Time,Doctoral,"Washington County, Maryland","1,106",,"1,106",,
2015,Work Experience by Poverty,Not Working,0-25,"Washington County, Maryland","23,874",,"23,874",,
2015,Work Experience by Poverty,Not Working,26-50,"Washington County, Maryland","4,220",,"4,220",,
2015,Work Experience by Poverty,Not Working,51-75,"Washington County, Maryland","6,705",,"6,705",,
2015,Work Experience by Poverty,Not Working,76-100,"Washington County, Maryland","8,090",,"8,090",,
2015,Work Experience by Poverty,Not Working,100-500,"Washington County, Maryland","83,621",,"83,621",,
2015,Work Experience by Poverty,Not Working,501,"Washington County, Maryland","22,448",,"22,448",,
2015,Work Experience by Poverty,Part Time,0-25,"Washington County, Maryland",930,,930,,
2015,Work Experience by Poverty,Part Time,26-50,"Washington County, Maryland",673,,673,,
2015,Work Experience by Poverty,Part Time,51-75,"Washington County, Maryland",445,,445,,
2015,Work Experience by Poverty,Part Time,76-100,"Washington County, Maryland",849,,849,,
2015,Work Experience by Poverty,Part Time,100-500,"Washington County, Maryland","12,994",,"12,994",,
2015,Work Experience by Poverty,Part Time,501,"Washington County, Maryland","6,351",,"6,351",,
2015,Work Experience by Poverty,Full Time,0-25,"Washington County, Maryland","3,625",,"3,625",,
2015,Work Experience by Poverty,Full Time,26-50,"Washington County, Maryland",852,,852,,
2015,Work Experience by Poverty,Full Time,51-75,"Washington County, Maryland","1,600",,"1,600",,
2015,Work Experience by Poverty,Full Time,76-100,"Washington County, Maryland","2,836",,"2,836",,
2015,Work Experience by Poverty,Full Time,100-500,"Washington County, Maryland","75,528",,"75,528",,
2015,Work Experience by Poverty,Full Time,501,"Washington County, Maryland","43,600",,"43,600",,
2016,Work Experience by Poverty,Not Working,0-25,"Washington County, Maryland","25,056",,"25,056",,
2016,Work Experience by Poverty,Not Working,26-50,"Washington County, Maryland","4,914",,"4,914",,
2016,Work Experience by Poverty,Not Working,51-75,"Washington County, Maryland","6,604",,"6,604",,
2016,Work Experience by Poverty,Not Working,76-100,"Washington County, Maryland","6,913",,"6,913",,
2016,Work Experience by Poverty,Not Working,100-500,"Washington County, Maryland","89,572",,"89,572",,
2016,Work Experience by Poverty,Not Working,501,"Washington County, Maryland","20,651",,"20,651",,
2016,Work Experience by Poverty,Part Time,0-25,"Washington County, Maryland",670,,670,,
2016,Work Experience by Poverty,Part Time,26-50,"Washington County, Maryland",977,,977,,
2016,Work Experience by Poverty,Part Time,51-75,"Washington County, Maryland",446,,446,,
2016,Work Experience by Poverty,Part Time,76-100,"Washington County, Maryland","1,299",,"1,299",,
2016,Work Experience by Poverty,Part Time,100-500,"Washington County, Maryland","15,276",,"15,276",,
2016,Work Experience by Poverty,Part Time,501,"Washington County, Maryland","5,290",,"5,290",,
2016,Work Experience by Poverty,Full Time,0-25,"Washington County, Maryland","2,259",,"2,259",,
2016,Work Experience by Poverty,Full Time,26-50,"Washington County, Maryland",557,,557,,
2016,Work Experience by Poverty,Full Time,51-75,"Washington County, Maryland","1,842",,"1,842",,
2016,Work Experience by Poverty,Full Time,76-100,"Washington County, Maryland","3,054",,"3,054",,
2016,Work Experience by Poverty,Full Time,100-500,"Washington County, Maryland","75,570",,"75,570",,
2016,Work Experience by Poverty,Full Time,501,"Washington County, Maryland","39,121",,"39,121",,
2017,Work Experience by Poverty,Not Working,0-25,"Washington County, Maryland","22,402",,"22,402",,
2017,Work Experience by Poverty,Not Working,26-50,"Washington County, Maryland","5,613",,"5,613",,
2017,Work Experience by Poverty,Not Working,51-75,"Washington County, Maryland","8,917",,"8,917",,
2017,Work Experience by Poverty,Not Working,76-100,"Washington County, Maryland","5,644",,"5,644",,
2017,Work Experience by Poverty,Not Working,100-500,"Washington County, Maryland","83,182",,"83,182",,
2017,Work Experience by Poverty,Not Working,501,"Washington County, Maryland","24,470",,"24,470",,
2017,Work Experience by Poverty,Part Time,0-25,"Washington County, Maryland","1,416",,"1,416",,
2017,Work Experience by Poverty,Part Time,26-50,"Washington County, Maryland","1,370",,"1,370",,
2017,Work Experience by Poverty,Part Time,51-75,"Washington County, Maryland",991,,991,,
2017,Work Experience by Poverty,Part Time,76-100,"Washington County, Maryland","1,321",,"1,321",,
2017,Work Experience by Poverty,Part Time,100-500,"Washington County, Maryland","14,305",,"14,305",,
2017,Work Experience by Poverty,Part Time,501,"Washington County, Maryland","6,485",,"6,485",,
2017,Work Experience by Poverty,Full Time,0-25,"Washington County, Maryland","2,351",,"2,351",,
2017,Work Experience by Poverty,Full Time,26-50,"Washington County, Maryland","1,249",,"1,249",,
2017,Work Experience by Poverty,Full Time,51-75,"Washington County, Maryland","1,929",,"1,929",,
2017,Work Experience by Poverty,Full Time,76-100,"Washington County, Maryland","1,920",,"1,920",,
2017,Work Experience by Poverty,Full Time,100-500,"Washington County, Maryland","69,181",,"69,181",,
2017,Work Experience by Poverty,Full Time,501,"Washington County, Maryland","47,261",,"47,261",,
2016,Work Experience by Poverty,Not Working,0-25,"Baltimore County, Maryland","64,128",,"64,128",,
2016,Work Experience by Poverty,Not Working,26-50,"Baltimore County, Maryland","17,079",,"17,079",,
2016,Work Experience by Poverty,Not Working,51-75,"Baltimore County, Maryland","20,623",,"20,623",,
2016,Work Experience by Poverty,Not Working,76-100,"Baltimore County, Maryland","26,928",,"26,928",,
2016,Work Experience by Poverty,Not Working,100-500,"Baltimore County, Maryland","424,395",,"424,395",,
2016,Work Experience by Poverty,Not Working,501,"Baltimore County, Maryland","182,949",,"182,949",,
2016,Work Experience by Poverty,Part Time,0-25,"Baltimore County, Maryland","16,766",,"16,766",,
2016,Work Experience by Poverty,Part Time,26-50,"Baltimore County, Maryland","4,664",,"4,664",,
2016,Work Experience by Poverty,Part Time,51-75,"Baltimore County, Maryland","3,870",,"3,870",,
2016,Work Experience by Poverty,Part Time,76-100,"Baltimore County, Maryland","5,666",,"5,666",,
2016,Work Experience by Poverty,Part Time,100-500,"Baltimore County, Maryland","69,925",,"69,925",,
2016,Work Experience by Poverty,Part Time,501,"Baltimore County, Maryland","45,185",,"45,185",,
2016,Work Experience by Poverty,Full Time,0-25,"Baltimore County, Maryland","9,130",,"9,130",,
2016,Work Experience by Poverty,Full Time,26-50,"Baltimore County, Maryland","5,870",,"5,870",,
2016,Work Experience by Poverty,Full Time,51-75,"Baltimore County, Maryland","6,052",,"6,052",,
2016,Work Experience by Poverty,Full Time,76-100,"Baltimore County, Maryland","11,316",,"11,316",,
2016,Work Experience by Poverty,Full Time,100-500,"Baltimore County, Maryland","377,150",,"377,150",,
2016,Work Experience by Poverty,Full Time,501,"Baltimore County, Maryland","363,189",,"363,189",,
2017,Work Experience by Poverty,Not Working,0-25,"Baltimore County, Maryland","63,603",,"63,603",,
2017,Work Experience by Poverty,Not Working,26-50,"Baltimore County, Maryland","12,947",,"12,947",,
2017,Work Experience by Poverty,Not Working,51-75,"Baltimore County, Maryland","24,382",,"24,382",,
2017,Work Experience by Poverty,Not Working,76-100,"Baltimore County, Maryland","22,172",,"22,172",,
2017,Work Experience by Poverty,Not Working,100-500,"Baltimore County, Maryland","437,394",,"437,394",,
2017,Work Experience by Poverty,Not Working,501,"Baltimore County, Maryland","182,784",,"182,784",,
2017,Work Experience by Poverty,Part Time,0-25,"Baltimore County, Maryland","15,924",,"15,924",,
2017,Work Experience by Poverty,Part Time,26-50,"Baltimore County, Maryland","5,365",,"5,365",,
2017,Work Experience by Poverty,Part Time,51-75,"Baltimore County, Maryland","6,978",,"6,978",,
2017,Work Experience by Poverty,Part Time,76-100,"Baltimore County, Maryland","3,948",,"3,948",,
2017,Work Experience by Poverty,Part Time,100-500,"Baltimore County, Maryland","68,989",,"68,989",,
2017,Work Experience by Poverty,Part Time,501,"Baltimore County, Maryland","45,418",,"45,418",,
2017,Work Experience by Poverty,Full Time,0-25,"Baltimore County, Maryland","9,206",,"9,206",,
2017,Work Experience by Poverty,Full Time,26-50,"Baltimore County, Maryland","4,047",,"4,047",,
2017,Work Experience by Poverty,Full Time,51-75,"Baltimore County, Maryland","6,614",,"6,614",,
2017,Work Experience by Poverty,Full Time,76-100,"Baltimore County, Maryland","9,989",,"9,989",,
2017,Work Experience by Poverty,Full Time,100-500,"Baltimore County, Maryland","383,335",,"383,335",,
2017,Work Experience by Poverty,Full Time,501,"Baltimore County, Maryland","358,462",,"358,462",,
