Time,Indicator,Employment Status,Indicator Status,Location,Amount,Unemployment Rate,Format,,
,Change,,Total Population,"Wicomico County, Maryland",487,,487,,
,Change,,Median Household Income,"Wicomico County, Maryland",985,,985,,
2017,Employment Status By Disability Status,Employed,Disabled,"Wicomico County, Maryland",1990,,1990,,
2017,Employment Status By Disability Status,Employed,Non Disabled,"Wicomico County, Maryland",43741,,43741,,
2017,Employment Status By Disability Status,Unemployed,Disabled,"Wicomico County, Maryland",370,,370,,
2017,Employment Status By Disability Status,Unemployed,Non Disabled,"Wicomico County, Maryland",3475,,3475,,
2017,Employment Status By Disability Status,Labor Force,Disabled,"Wicomico County, Maryland",2360,,2360,,
2017,Employment Status By Disability Status,Labor Force,Non Disabled,"Wicomico County, Maryland",47216,,47216,,
2016,Employment Status By Disability Status,Employed,Disabled,"Wicomico County, Maryland",1843,,1843,,
2016,Employment Status By Disability Status,Employed,Non Disabled,"Wicomico County, Maryland",43644,,43644,,
2016,Employment Status By Disability Status,Unemployed,Disabled,"Wicomico County, Maryland",300,,300,,
2016,Employment Status By Disability Status,Unemployed,Non Disabled,"Wicomico County, Maryland",3490,,3490,,
2016,Employment Status By Disability Status,Labor Force,Disabled,"Wicomico County, Maryland",2143,,2143,,
2016,Employment Status By Disability Status,Labor Force,Non Disabled,"Wicomico County, Maryland",47134,,47134,,
2015,Employment Status By Disability Status,Employed,Disabled,"Wicomico County, Maryland",1955,,1955,,
2015,Employment Status By Disability Status,Employed,Non Disabled,"Wicomico County, Maryland",42784,,42784,,
2015,Employment Status By Disability Status,Unemployed,Disabled,"Wicomico County, Maryland",477,,477,,
2015,Employment Status By Disability Status,Unemployed,Non Disabled,"Wicomico County, Maryland",3779,,3779,,
2015,Employment Status By Disability Status,Labor Force,Disabled,"Wicomico County, Maryland",2432,,2432,,
2015,Employment Status By Disability Status,Labor Force,Non Disabled,"Wicomico County, Maryland",46563,,46563,,
2017,Employment Status By Education,Employed,Less than Highschool,"Wicomico County, Maryland",2835,,2835,,
2017,Employment Status By Education,Employed,Highschool,"Wicomico County, Maryland",10633,,10633,,
2017,Employment Status By Education,Employed,Some College,"Wicomico County, Maryland",11142,,11142,,
2017,Employment Status By Education,Employed,Bachelor's or Higher,"Wicomico County, Maryland",12232,,12232,,
2017,Employment Status By Education,Unemployed,Less than Highschool,"Wicomico County, Maryland",441,,441,,
2017,Employment Status By Education,Unemployed,Highschool,"Wicomico County, Maryland",973,,973,,
2017,Employment Status By Education,Unemployed,Some College,"Wicomico County, Maryland",915,,915,,
2017,Employment Status By Education,Unemployed,Bachelor's or Higher,"Wicomico County, Maryland",337,,337,,
2017,Employment Status By Education,NIL,Less than Highschool,"Wicomico County, Maryland",1709,,1709,,
2017,Employment Status By Education,NIL,Highschool,"Wicomico County, Maryland",3712,,3712,,
2017,Employment Status By Education,NIL,Some College,"Wicomico County, Maryland",2445,,2445,,
2017,Employment Status By Education,NIL,Bachelor's or Higher,"Wicomico County, Maryland",1499,,1499,,
2016,Employment Status By Education,Employed,Less than Highschool,"Wicomico County, Maryland",2746,,2746,,
2016,Employment Status By Education,Employed,Highschool,"Wicomico County, Maryland",10813,,10813,,
2016,Employment Status By Education,Employed,Some College,"Wicomico County, Maryland",11187,,11187,,
2016,Employment Status By Education,Employed,Bachelor's or Higher,"Wicomico County, Maryland",12086,,12086,,
2016,Employment Status By Education,Unemployed,Less than Highschool,"Wicomico County, Maryland",366,,366,,
2016,Employment Status By Education,Unemployed,Highschool,"Wicomico County, Maryland",1019,,1019,,
2016,Employment Status By Education,Unemployed,Some College,"Wicomico County, Maryland",848,,848,,
2016,Employment Status By Education,Unemployed,Bachelor's or Higher,"Wicomico County, Maryland",372,,372,,
2016,Employment Status By Education,NIL,Less than Highschool,"Wicomico County, Maryland",1540,,1540,,
2016,Employment Status By Education,NIL,Highschool,"Wicomico County, Maryland",3824,,3824,,
2016,Employment Status By Education,NIL,Some College,"Wicomico County, Maryland",2483,,2483,,
2016,Employment Status By Education,NIL,Bachelor's or Higher,"Wicomico County, Maryland",1586,,1586,,
2015,Employment Status By Education,Employed,Less than Highschool,"Wicomico County, Maryland",2749,,2749,,
2015,Employment Status By Education,Employed,Highschool,"Wicomico County, Maryland",10590,,10590,,
2015,Employment Status By Education,Employed,Some College,"Wicomico County, Maryland",10902,,10902,,
2015,Employment Status By Education,Employed,Bachelor's or Higher,"Wicomico County, Maryland",12227,,12227,,
2015,Employment Status By Education,Unemployed,Less than Highschool,"Wicomico County, Maryland",566,,566,,
2015,Employment Status By Education,Unemployed,Highschool,"Wicomico County, Maryland",980,,980,,
2015,Employment Status By Education,Unemployed,Some College,"Wicomico County, Maryland",883,,883,,
2015,Employment Status By Education,Unemployed,Bachelor's or Higher,"Wicomico County, Maryland",413,,413,,
2015,Employment Status By Education,NIL,Less than Highschool,"Wicomico County, Maryland",1645,,1645,,
2015,Employment Status By Education,NIL,Highschool,"Wicomico County, Maryland",3435,,3435,,
2015,Employment Status By Education,NIL,Some College,"Wicomico County, Maryland",2847,,2847,,
2015,Employment Status By Education,NIL,Bachelor's or Higher,"Wicomico County, Maryland",1702,,1702,,
2017,Employment Status By Poverty Status,Labor Force,Above Poverty,"Wicomico County, Maryland",47469,,47469,,
2017,Employment Status By Poverty Status,Labor Force,Below Poverty,"Wicomico County, Maryland",5507,,5507,,
2017,Employment Status By Poverty Status,Employed,Above Poverty,"Wicomico County, Maryland",44584,,44584,,
2017,Employment Status By Poverty Status,Employed,Below Poverty,"Wicomico County, Maryland",4451,,4451,,
2017,Employment Status By Poverty Status,Unemployed,Above Poverty,"Wicomico County, Maryland",2885,,2885,,
2017,Employment Status By Poverty Status,Unemployed,Below Poverty,"Wicomico County, Maryland",1056,,1056,,
2016,Employment Status By Poverty Status,Labor Force,Above Poverty,"Wicomico County, Maryland",46653,,46653,,
2016,Employment Status By Poverty Status,Labor Force,Below Poverty,"Wicomico County, Maryland",5689,,5689,,
2016,Employment Status By Poverty Status,Employed,Above Poverty,"Wicomico County, Maryland",43779,,43779,,
2016,Employment Status By Poverty Status,Employed,Below Poverty,"Wicomico County, Maryland",4573,,4573,,
2016,Employment Status By Poverty Status,Unemployed,Above Poverty,"Wicomico County, Maryland",2874,,2874,,
2016,Employment Status By Poverty Status,Unemployed,Below Poverty,"Wicomico County, Maryland",1116,,1116,,
2015,Employment Status By Poverty Status,Labor Force,Above Poverty,"Wicomico County, Maryland",46292,,46292,,
2015,Employment Status By Poverty Status,Labor Force,Below Poverty,"Wicomico County, Maryland",5340,,5340,,
2015,Employment Status By Poverty Status,Employed,Above Poverty,"Wicomico County, Maryland",43350,,43350,,
2015,Employment Status By Poverty Status,Employed,Below Poverty,"Wicomico County, Maryland",3787,,3787,,
2015,Employment Status By Poverty Status,Unemployed,Above Poverty,"Wicomico County, Maryland",2942,,2942,,
2015,Employment Status By Poverty Status,Unemployed,Below Poverty,"Wicomico County, Maryland",1553,,1553,,
2017,Median Household Income,,,"Wicomico County, Maryland",54493,,"$54,493 ",,
2016,Median Household Income,,,"Wicomico County, Maryland",53508,,"$53,508 ",,
2015,Median Household Income,,,"Wicomico County, Maryland",52278,,"$52,278 ",,
2017,Total Population,,,"Wicomico County, Maryland",102014,,102014,,
2016,Total Population,,,"Wicomico County, Maryland",101527,,101527,,
2015,Total Population,,,"Wicomico County, Maryland",101182,,101182,,
2017,Unemployment By Gender,,Male,"Wicomico County, Maryland",6.7,0.067,6.70%,,
2017,Unemployment By Gender,,Female,"Wicomico County, Maryland",7.7,0.077,7.70%,,
2016,Unemployment By Gender,,Male,"Wicomico County, Maryland",7.2,0.072,7.20%,,
2016,Unemployment By Gender,,Female,"Wicomico County, Maryland",7.4,0.074,7.40%,,
2015,Unemployment By Gender,,Male,"Wicomico County, Maryland",8.7,0.087,8.70%,,
2015,Unemployment By Gender,,Female,"Wicomico County, Maryland",7.7,0.077,7.70%,,
2017,Unemployment By Race,,White,"Wicomico County, Maryland",6.7,0.067,6.70%,,
2017,Unemployment By Race,,Black,"Wicomico County, Maryland",8.9,0.089,8.90%,,
2017,Unemployment By Race,,Asian,"Wicomico County, Maryland",10.3,0.103,10.30%,,
2017,Unemployment By Race,,Hispanic,"Wicomico County, Maryland",11.2,0.112,11.20%,,
2016,Unemployment By Race,,White,"Wicomico County, Maryland",7,0.07,7.00%,,
2016,Unemployment By Race,,Black,"Wicomico County, Maryland",9,0.09,9.00%,,
2016,Unemployment By Race,,Asian,"Wicomico County, Maryland",11.3,0.113,11.30%,,
2016,Unemployment By Race,,Hispanic,"Wicomico County, Maryland",8.3,0.083,8.30%,,
2015,Unemployment By Race,,White,"Wicomico County, Maryland",7.4,0.074,7.40%,,
2015,Unemployment By Race,,Black,"Wicomico County, Maryland",12.3,0.123,12.30%,,
2015,Unemployment By Race,,Asian,"Wicomico County, Maryland",12,0.12,12.00%,,
2015,Unemployment By Race,,Hispanic,"Wicomico County, Maryland",6.7,0.067,6.70%,,
2017,Unemployment By Veteran Status,,Veteran,"Wicomico County, Maryland",4.8,0.048,4.80%,,
2017,Unemployment By Veteran Status,,Non Veteran,"Wicomico County, Maryland",7.8,0.078,7.80%,,
2016,Unemployment By Veteran Status,,Veteran,"Wicomico County, Maryland",,0,0.00%,,
2016,Unemployment By Veteran Status,,Non Veteran,"Wicomico County, Maryland",,0,0.00%,,
2015,Unemployment By Veteran Status,,Veteran,"Wicomico County, Maryland",9.3,0.093,9.30%,,
2015,Unemployment By Veteran Status,,Non Veteran,"Wicomico County, Maryland",8.7,0.087,8.70%,,
2015Q1,Number of TANF Recipient Workers,Employed,,"Wicomico County, Maryland",155,,155,,155
2015Q2,Number of TANF Recipient Workers,Employed,,"Wicomico County, Maryland",214,,214,,214
2015Q3,Number of TANF Recipient Workers,Employed,,"Wicomico County, Maryland",164,,164,,164
2015Q4,Number of TANF Recipient Workers,Employed,,"Wicomico County, Maryland",178,,178,,178
2016Q1,Number of TANF Recipient Workers,Employed,,"Wicomico County, Maryland",135,,135,,135
2016Q2,Number of TANF Recipient Workers,Employed,,"Wicomico County, Maryland",172,,172,,172
2016Q3,Number of TANF Recipient Workers,Employed,,"Wicomico County, Maryland",163,,163,,163
2016Q4,Number of TANF Recipient Workers,Employed,,"Wicomico County, Maryland",155,,155,,155
2015Q1,Percentage of Workforce Training Program/Service Participants in TANF,Employed,,"Wicomico County, Maryland",0.049826,0.05,4.98%,,0.05
2015Q2,Percentage of Workforce Training Program/Service Participants in TANF,Employed,,"Wicomico County, Maryland",0.04549,0.045,4.55%,,0.045
2015Q3,Percentage of Workforce Training Program/Service Participants in TANF,Employed,,"Wicomico County, Maryland",0.063111,0.063,6.31%,0.063111,6.30%
2015Q4,Percentage of Workforce Training Program/Service Participants in TANF,Employed,,"Wicomico County, Maryland",0.038391,0.038,3.84%,0.038391,3.80%
2016Q1,Percentage of Workforce Training Program/Service Participants in TANF,Employed,,"Wicomico County, Maryland",0.049888,0.05,4.99%,0.049888,5.00%
2016Q2,Percentage of Workforce Training Program/Service Participants in TANF,Employed,,"Wicomico County, Maryland",0.068722,0.069,6.87%,0.068722,6.90%
2016Q3,Percentage of Workforce Training Program/Service Participants in TANF,Employed,,"Wicomico County, Maryland",0.056846,0.057,5.68%,0.056846,5.70%
2016Q4,Percentage of Workforce Training Program/Service Participants in TANF,Employed,,"Wicomico County, Maryland",0.038145,0.038,3.81%,0.038145,3.80%
2017Q1,Number of TANF Recipient Workers,Employed,,"Wicomico County, Maryland",123,,123,,123
2017Q2,Number of TANF Recipient Workers,Employed,,"Wicomico County, Maryland",147,,147,,147
2017Q1,Percentage of Workforce Training Program/Service Participants in TANF,Employed,,"Wicomico County, Maryland",0.040385,,4.04%,0.040385,4.00%
2017Q2,Percentage of Workforce Training Program/Service Participants in TANF,Employed,,"Wicomico County, Maryland",0.054622,,5.46%,0.054622,5.50%
2016Q3,Percentage of TANF Recipients among Maryland Workers,Employed,,"Wicomico County, Maryland",0.003676,,0.37%,0.003676,0.37%
2016Q4,Percentage of TANF Recipients among Maryland Workers,Employed,,"Wicomico County, Maryland",0.003386,,0.34%,0.003386,0.34%
2017Q1,Percentage of TANF Recipients among Maryland Workers,Employed,,"Wicomico County, Maryland",0.002731,,0.27%,0.002731,0.27%
2017Q2,Percentage of TANF Recipients among Maryland Workers,Employed,,"Wicomico County, Maryland",0.003204,,0.32%,0.003204,0.32%
2016,Snap Recipient Workers,,,"Wicomico County, Maryland",8171,,8171,,
2017,Snap Recipient Workers,,,"Wicomico County, Maryland",8121,,8121,,
2018,Snap Recipient Workers,,,"Wicomico County, Maryland",8245,,8245,,
2016,Snap Recipient Workers by Percentage,,,"Wicomico County, Maryland",0.0301,3.01,3.01%,,
2017,Snap Recipient Workers by Percentage,,,"Wicomico County, Maryland",0.0299,2.99,2.99%,,
2018,Snap Recipient Workers by Percentage,,,"Wicomico County, Maryland",0.0299,2.99,2.99%,,
2015,Work Experience by Gender,Not Working,Male,"Washington County, Maryland","74,744",,74744,,
2015,Work Experience by Gender,Part Time,Male,"Washington County, Maryland","7,872",,7872,,
2015,Work Experience by Gender,Full Time,Male,"Washington County, Maryland","69,931",,69931,,
2015,Work Experience by Gender,Not Working,Female,"Washington County, Maryland","74,214",,74214,,
2015,Work Experience by Gender,Part Time,Female,"Washington County, Maryland","14,370",,14370,,
2015,Work Experience by Gender,Full Time,Female,"Washington County, Maryland","58,110",,58110,,
2016,Work Experience by Gender,Not Working,Male,"Washington County, Maryland","76,188",,76188,,
2016,Work Experience by Gender,Part Time,Male,"Washington County, Maryland","8,170",,8170,,
2016,Work Experience by Gender,Full Time,Male,"Washington County, Maryland","68,629",,68629,,
2016,Work Experience by Gender,Not Working,Female,"Washington County, Maryland","77,522",,77522,,
2016,Work Experience by Gender,Part Time,Female,"Washington County, Maryland","15,788",,15788,,
2016,Work Experience by Gender,Full Time,Female,"Washington County, Maryland","53,774",,53774,,
2017,Work Experience by Gender,Not Working,Male,"Washington County, Maryland","74,254",,74254,,
2017,Work Experience by Gender,Part Time,Male,"Washington County, Maryland","9,754",,9754,,
2017,Work Experience by Gender,Full Time,Male,"Washington County, Maryland","68,975",,68975,,
2017,Work Experience by Gender,Not Working,Female,"Washington County, Maryland","75,974",,75974,,
2017,Work Experience by Gender,Part Time,Female,"Washington County, Maryland","16,134",,16134,,
2017,Work Experience by Gender,Full Time,Female,"Washington County, Maryland","54,916",,54916,,
2015,Work Experience by Race,Not Working,White,"Washington County, Maryland","118,101",,118101,,
2015,Work Experience by Race,Not Working,Black,"Washington County, Maryland","19,740",,19740,,
2015,Work Experience by Race,Not Working,American,"Washington County, Maryland",250,,250,,
2015,Work Experience by Race,Not Working,Chinese,"Washington County, Maryland",182,,182,,
2015,Work Experience by Race,Not Working,Japanese,"Washington County, Maryland",19,,19,,
2015,Work Experience by Race,Not Working,Other Asian,"Washington County, Maryland","1,650",,1650,,
2015,Work Experience by Race,Not Working,Other Race,"Washington County, Maryland","1,098",,1098,,
2015,Work Experience by Race,Not Working,Two Major Races,"Washington County, Maryland","7,506",,7506,,
2015,Work Experience by Race,Not Working,Three or More,"Washington County, Maryland",412,,412,,
2015,Work Experience by Race,Part Time,White,"Washington County, Maryland","19,836",,19836,,
2015,Work Experience by Race,Part Time,Black,"Washington County, Maryland","1,615",,1615,,
2015,Work Experience by Race,Part Time,American,"Washington County, Maryland",5,,5,,
2015,Work Experience by Race,Part Time,Chinese,"Washington County, Maryland",60,,60,,
2015,Work Experience by Race,Part Time,Japanese,"Washington County, Maryland",15,,15,,
2015,Work Experience by Race,Part Time,Other Asian,"Washington County, Maryland",180,,180,,
2015,Work Experience by Race,Part Time,Other Race,"Washington County, Maryland",159,,159,,
2015,Work Experience by Race,Part Time,Two Major Races,"Washington County, Maryland",333,,333,,
2015,Work Experience by Race,Part Time,Three or More,"Washington County, Maryland",39,,39,,
2015,Work Experience by Race,Full Time,White,"Washington County, Maryland","111,110",,111110,,
2015,Work Experience by Race,Full Time,Black,"Washington County, Maryland","11,182",,11182,,
2015,Work Experience by Race,Full Time,American,"Washington County, Maryland",313,,313,,
2015,Work Experience by Race,Full Time,Chinese,"Washington County, Maryland",594,,594,,
2015,Work Experience by Race,Full Time,Japanese,"Washington County, Maryland",27,,27,,
2015,Work Experience by Race,Full Time,Other Asian,"Washington County, Maryland","1,948",,1948,,
2015,Work Experience by Race,Full Time,Other Race,"Washington County, Maryland","1,144",,1144,,
2015,Work Experience by Race,Full Time,Two Major Races,"Washington County, Maryland","1,560",,1560,,
2015,Work Experience by Race,Full Time,Three or More,"Washington County, Maryland",163,,163,,
2016,Work Experience by Race,Not Working,White,"Washington County, Maryland","122,983",,122983,,
2016,Work Experience by Race,Not Working,Black,"Washington County, Maryland","20,561",,20561,,
2016,Work Experience by Race,Not Working,American,"Washington County, Maryland",170,,170,,
2016,Work Experience by Race,Not Working,Chinese,"Washington County, Maryland",178,,178,,
2016,Work Experience by Race,Not Working,Japanese,"Washington County, Maryland",17,,17,,
2016,Work Experience by Race,Not Working,Other Asian,"Washington County, Maryland","1,668",,1668,,
2016,Work Experience by Race,Not Working,Other Race,"Washington County, Maryland",571,,571,,
2016,Work Experience by Race,Not Working,Two Major Races,"Washington County, Maryland","7,132",,7132,,
2016,Work Experience by Race,Not Working,Three or More,"Washington County, Maryland",430,,430,,
2016,Work Experience by Race,Part Time,White,"Washington County, Maryland","20,194",,20194,,
2016,Work Experience by Race,Part Time,Black,"Washington County, Maryland","1,672",,1672,,
2016,Work Experience by Race,Part Time,American,"Washington County, Maryland",1,,1,,
2016,Work Experience by Race,Part Time,Chinese,"Washington County, Maryland",57,,57,,
2016,Work Experience by Race,Part Time,Japanese,"Washington County, Maryland",0,,0,,
2016,Work Experience by Race,Part Time,Other Asian,"Washington County, Maryland",677,,677,,
2016,Work Experience by Race,Part Time,Other Race,"Washington County, Maryland",50,,50,,
2016,Work Experience by Race,Part Time,Two Major Races,"Washington County, Maryland","1,286",,1286,,
2016,Work Experience by Race,Part Time,Three or More,"Washington County, Maryland",21,,21,,
2016,Work Experience by Race,Full Time,White,"Washington County, Maryland","108,439",,108439,,
2016,Work Experience by Race,Full Time,Black,"Washington County, Maryland","8,940",,8940,,
2016,Work Experience by Race,Full Time,American,"Washington County, Maryland",265,,265,,
2016,Work Experience by Race,Full Time,Chinese,"Washington County, Maryland",209,,209,,
2016,Work Experience by Race,Full Time,Japanese,"Washington County, Maryland",200,,200,,
2016,Work Experience by Race,Full Time,Other Asian,"Washington County, Maryland","1,730",,1730,,
2016,Work Experience by Race,Full Time,Other Race,"Washington County, Maryland",404,,404,,
2016,Work Experience by Race,Full Time,Two Major Races,"Washington County, Maryland","2,079",,2079,,
2016,Work Experience by Race,Full Time,Three or More,"Washington County, Maryland",137,,137,,
2017,Work Experience by Race,Not Working,White,"Washington County, Maryland","118,228",,118228,,
2017,Work Experience by Race,Not Working,Black,"Washington County, Maryland","18,791",,18791,,
2017,Work Experience by Race,Not Working,American,"Washington County, Maryland",389,,389,,
2017,Work Experience by Race,Not Working,Chinese,"Washington County, Maryland",27,,27,,
2017,Work Experience by Race,Not Working,Japanese,"Washington County, Maryland",484,,484,,
2017,Work Experience by Race,Not Working,Other Asian,"Washington County, Maryland","2,824",,2824,,
2017,Work Experience by Race,Not Working,Other Race,"Washington County, Maryland","1,629",,1629,,
2017,Work Experience by Race,Not Working,Two Major Races,"Washington County, Maryland","7,198",,7198,,
2017,Work Experience by Race,Not Working,Three or More,"Washington County, Maryland",658,,658,,
2017,Work Experience by Race,Part Time,White,"Washington County, Maryland","22,287",,22287,,
2017,Work Experience by Race,Part Time,Black,"Washington County, Maryland","2,214",,2214,,
2017,Work Experience by Race,Part Time,American,"Washington County, Maryland",0,,0,,
2017,Work Experience by Race,Part Time,Chinese,"Washington County, Maryland",148,,148,,
2017,Work Experience by Race,Part Time,Japanese,"Washington County, Maryland",0,,0,,
2017,Work Experience by Race,Part Time,Other Asian,"Washington County, Maryland",227,,227,,
2017,Work Experience by Race,Part Time,Other Race,"Washington County, Maryland",214,,214,,
2017,Work Experience by Race,Part Time,Two Major Races,"Washington County, Maryland",627,,627,,
2017,Work Experience by Race,Part Time,Three or More,"Washington County, Maryland",171,,171,,
2017,Work Experience by Race,Full Time,White,"Washington County, Maryland","107,230",,107230,,
2017,Work Experience by Race,Full Time,Black,"Washington County, Maryland","10,439",,10439,,
2017,Work Experience by Race,Full Time,American,"Washington County, Maryland",216,,216,,
2017,Work Experience by Race,Full Time,Chinese,"Washington County, Maryland",233,,233,,
2017,Work Experience by Race,Full Time,Japanese,"Washington County, Maryland",41,,41,,
2017,Work Experience by Race,Full Time,Other Asian,"Washington County, Maryland","1,804",,1804,,
2017,Work Experience by Race,Full Time,Other Race,"Washington County, Maryland","1,827",,1827,,
2017,Work Experience by Race,Full Time,Two Major Races,"Washington County, Maryland","2,017",,2017,,
2017,Work Experience by Race,Full Time,Three or More,"Washington County, Maryland",84,,84,,
2015,Work Experience by Education,Not Working,N/A,"Washington County, Maryland","9,386",,9386,,
2015,Work Experience by Education,Not Working,No School,"Washington County, Maryland","9,070",,9070,,
2015,Work Experience by Education,Not Working,Nursery,"Washington County, Maryland","3,019",,3019,,
2015,Work Experience by Education,Not Working,Kindergarten,"Washington County, Maryland","4,064",,4064,,
2015,Work Experience by Education,Not Working,Grade 1,"Washington County, Maryland","3,659",,3659,,
2015,Work Experience by Education,Not Working,Grade 2,"Washington County, Maryland","4,595",,4595,,
2015,Work Experience by Education,Not Working,Grade 3,"Washington County, Maryland","3,855",,3855,,
2015,Work Experience by Education,Not Working,Grade 4,"Washington County, Maryland","4,774",,4774,,
2015,Work Experience by Education,Not Working,Grade 5,"Washington County, Maryland","3,465",,3465,,
2015,Work Experience by Education,Not Working,Grade 6,"Washington County, Maryland","4,559",,4559,,
2015,Work Experience by Education,Not Working,Grade 7,"Washington County, Maryland","3,765",,3765,,
2015,Work Experience by Education,Not Working,Grade 8,"Washington County, Maryland","6,284",,6284,,
2015,Work Experience by Education,Not Working,Grade 9,"Washington County, Maryland","7,125",,7125,,
2015,Work Experience by Education,Not Working,Grade 10,"Washington County, Maryland","9,092",,9092,,
2015,Work Experience by Education,Not Working,Grade 11,"Washington County, Maryland","7,247",,7247,,
2015,Work Experience by Education,Not Working,Grade 12,"Washington County, Maryland","1,773",,1773,,
2015,Work Experience by Education,Not Working,Regular Highschool Diploma,"Washington County, Maryland","28,814",,28814,,
2015,Work Experience by Education,Not Working,GED,"Washington County, Maryland","5,968",,5968,,
2015,Work Experience by Education,Not Working,Some College,"Washington County, Maryland","5,689",,5689,,
2015,Work Experience by Education,Not Working,1 or more,"Washington County, Maryland","9,004",,9004,,
2015,Work Experience by Education,Not Working,Associate,"Washington County, Maryland","4,465",,4465,,
2015,Work Experience by Education,Not Working,Bachlor's,"Washington County, Maryland","5,771",,5771,,
2015,Work Experience by Education,Not Working,Master's,"Washington County, Maryland","2,685",,2685,,
2015,Work Experience by Education,Not Working,Professional,"Washington County, Maryland",610,,610,,
2015,Work Experience by Education,Not Working,Doctoral,"Washington County, Maryland",220,,220,,
2015,Work Experience by Education,Part Time,N/A,"Washington County, Maryland",0,,0,,
2015,Work Experience by Education,Part Time,No School,"Washington County, Maryland",70,,70,,
2015,Work Experience by Education,Part Time,Nursery,"Washington County, Maryland",0,,0,,
2015,Work Experience by Education,Part Time,Kindergarten,"Washington County, Maryland",0,,0,,
2015,Work Experience by Education,Part Time,Grade 1,"Washington County, Maryland",0,,0,,
2015,Work Experience by Education,Part Time,Grade 2,"Washington County, Maryland",0,,0,,
2015,Work Experience by Education,Part Time,Grade 3,"Washington County, Maryland",0,,0,,
2015,Work Experience by Education,Part Time,Grade 4,"Washington County, Maryland",0,,0,,
2015,Work Experience by Education,Part Time,Grade 5,"Washington County, Maryland",28,,28,,
2015,Work Experience by Education,Part Time,Grade 6,"Washington County, Maryland",0,,0,,
2015,Work Experience by Education,Part Time,Grade 7,"Washington County, Maryland",20,,20,,
2015,Work Experience by Education,Part Time,Grade 8,"Washington County, Maryland",585,,585,,
2015,Work Experience by Education,Part Time,Grade 9,"Washington County, Maryland",358,,358,,
2015,Work Experience by Education,Part Time,Grade 10,"Washington County, Maryland",827,,827,,
2015,Work Experience by Education,Part Time,Grade 11,"Washington County, Maryland",902,,902,,
2015,Work Experience by Education,Part Time,Grade 12,"Washington County, Maryland",298,,298,,
2015,Work Experience by Education,Part Time,Regular Highschool Diploma,"Washington County, Maryland","6,465",,6465,,
2015,Work Experience by Education,Part Time,GED,"Washington County, Maryland",695,,695,,
2015,Work Experience by Education,Part Time,Some College,"Washington County, Maryland","2,720",,2720,,
2015,Work Experience by Education,Part Time,1 or more,"Washington County, Maryland","3,685",,3685,,
2015,Work Experience by Education,Part Time,Associate,"Washington County, Maryland","1,765",,1765,,
2015,Work Experience by Education,Part Time,Bachlor's,"Washington County, Maryland","2,738",,2738,,
2015,Work Experience by Education,Part Time,Master's,"Washington County, Maryland","1,028",,1028,,
2015,Work Experience by Education,Part Time,Professional,"Washington County, Maryland",42,,42,,
2015,Work Experience by Education,Part Time,Doctoral,"Washington County, Maryland",16,,16,,
2015,Work Experience by Education,Full Time,N/A,"Washington County, Maryland",0,,0,,
2015,Work Experience by Education,Full Time,No School,"Washington County, Maryland",347,,347,,
2015,Work Experience by Education,Full Time,Nursery,"Washington County, Maryland",0,,0,,
2015,Work Experience by Education,Full Time,Kindergarten,"Washington County, Maryland",0,,0,,
2015,Work Experience by Education,Full Time,Grade 1,"Washington County, Maryland",0,,0,,
2015,Work Experience by Education,Full Time,Grade 2,"Washington County, Maryland",17,,17,,
2015,Work Experience by Education,Full Time,Grade 3,"Washington County, Maryland",39,,39,,
2015,Work Experience by Education,Full Time,Grade 4,"Washington County, Maryland",18,,18,,
2015,Work Experience by Education,Full Time,Grade 5,"Washington County, Maryland",0,,0,,
2015,Work Experience by Education,Full Time,Grade 6,"Washington County, Maryland",67,,67,,
2015,Work Experience by Education,Full Time,Grade 7,"Washington County, Maryland",214,,214,,
2015,Work Experience by Education,Full Time,Grade 8,"Washington County, Maryland",199,,199,,
2015,Work Experience by Education,Full Time,Grade 9,"Washington County, Maryland","1,072",,1072,,
2015,Work Experience by Education,Full Time,Grade 10,"Washington County, Maryland","2,700",,2700,,
2015,Work Experience by Education,Full Time,Grade 11,"Washington County, Maryland","2,301",,2301,,
2015,Work Experience by Education,Full Time,Grade 12,"Washington County, Maryland","1,299",,1299,,
2015,Work Experience by Education,Full Time,Regular Highschool Diploma,"Washington County, Maryland","45,118",,45118,,
2015,Work Experience by Education,Full Time,GED,"Washington County, Maryland","4,126",,4126,,
2015,Work Experience by Education,Full Time,Some College,"Washington County, Maryland","9,922",,9922,,
2015,Work Experience by Education,Full Time,1 or more,"Washington County, Maryland","18,810",,18810,,
2015,Work Experience by Education,Full Time,Associate,"Washington County, Maryland","11,590",,11590,,
2015,Work Experience by Education,Full Time,Bachlor's,"Washington County, Maryland","19,586",,19586,,
2015,Work Experience by Education,Full Time,Master's,"Washington County, Maryland","8,936",,8936,,
2015,Work Experience by Education,Full Time,Professional,"Washington County, Maryland",900,,900,,
2015,Work Experience by Education,Full Time,Doctoral,"Washington County, Maryland",780,,780,,
2016,Work Experience by Education,Not Working,N/A,"Washington County, Maryland","8,904",,8904,,
2016,Work Experience by Education,Not Working,No School,"Washington County, Maryland","9,928",,9928,,
2016,Work Experience by Education,Not Working,Nursery,"Washington County, Maryland","3,718",,3718,,
2016,Work Experience by Education,Not Working,Kindergarten,"Washington County, Maryland","4,824",,4824,,
2016,Work Experience by Education,Not Working,Grade 1,"Washington County, Maryland","3,061",,3061,,
2016,Work Experience by Education,Not Working,Grade 2,"Washington County, Maryland","4,579",,4579,,
2016,Work Experience by Education,Not Working,Grade 3,"Washington County, Maryland","4,479",,4479,,
2016,Work Experience by Education,Not Working,Grade 4,"Washington County, Maryland","3,235",,3235,,
2016,Work Experience by Education,Not Working,Grade 5,"Washington County, Maryland","3,580",,3580,,
2016,Work Experience by Education,Not Working,Grade 6,"Washington County, Maryland","4,428",,4428,,
2016,Work Experience by Education,Not Working,Grade 7,"Washington County, Maryland","4,453",,4453,,
2016,Work Experience by Education,Not Working,Grade 8,"Washington County, Maryland","6,928",,6928,,
2016,Work Experience by Education,Not Working,Grade 9,"Washington County, Maryland","6,740",,6740,,
2016,Work Experience by Education,Not Working,Grade 10,"Washington County, Maryland","7,105",,7105,,
2016,Work Experience by Education,Not Working,Grade 11,"Washington County, Maryland","6,835",,6835,,
2016,Work Experience by Education,Not Working,Grade 12,"Washington County, Maryland","3,437",,3437,,
2016,Work Experience by Education,Not Working,Regular Highschool Diploma,"Washington County, Maryland","28,517",,28517,,
2016,Work Experience by Education,Not Working,GED,"Washington County, Maryland","7,616",,7616,,
2016,Work Experience by Education,Not Working,Some College,"Washington County, Maryland","7,934",,7934,,
2016,Work Experience by Education,Not Working,1 or more,"Washington County, Maryland","9,361",,9361,,
2016,Work Experience by Education,Not Working,Associate,"Washington County, Maryland","3,647",,3647,,
2016,Work Experience by Education,Not Working,Bachlor's,"Washington County, Maryland","5,945",,5945,,
2016,Work Experience by Education,Not Working,Master's,"Washington County, Maryland","3,622",,3622,,
2016,Work Experience by Education,Not Working,Professional,"Washington County, Maryland",603,,603,,
2016,Work Experience by Education,Not Working,Doctoral,"Washington County, Maryland",231,,231,,
2016,Work Experience by Education,Part Time,N/A,"Washington County, Maryland",0,,0,,
2016,Work Experience by Education,Part Time,No School,"Washington County, Maryland",161,,161,,
2016,Work Experience by Education,Part Time,Nursery,"Washington County, Maryland",0,,0,,
2016,Work Experience by Education,Part Time,Kindergarten,"Washington County, Maryland",227,,227,,
2016,Work Experience by Education,Part Time,Grade 1,"Washington County, Maryland",0,,0,,
2016,Work Experience by Education,Part Time,Grade 2,"Washington County, Maryland",0,,0,,
2016,Work Experience by Education,Part Time,Grade 3,"Washington County, Maryland",0,,0,,
2016,Work Experience by Education,Part Time,Grade 4,"Washington County, Maryland",0,,0,,
2016,Work Experience by Education,Part Time,Grade 5,"Washington County, Maryland",29,,29,,
2016,Work Experience by Education,Part Time,Grade 6,"Washington County, Maryland",0,,0,,
2016,Work Experience by Education,Part Time,Grade 7,"Washington County, Maryland",0,,0,,
2016,Work Experience by Education,Part Time,Grade 8,"Washington County, Maryland",311,,311,,
2016,Work Experience by Education,Part Time,Grade 9,"Washington County, Maryland",220,,220,,
2016,Work Experience by Education,Part Time,Grade 10,"Washington County, Maryland","1,261",,1261,,
2016,Work Experience by Education,Part Time,Grade 11,"Washington County, Maryland","1,162",,1162,,
2016,Work Experience by Education,Part Time,Grade 12,"Washington County, Maryland",747,,747,,
2016,Work Experience by Education,Part Time,Regular Highschool Diploma,"Washington County, Maryland","5,616",,5616,,
2016,Work Experience by Education,Part Time,GED,"Washington County, Maryland",906,,906,,
2016,Work Experience by Education,Part Time,Some College,"Washington County, Maryland","2,439",,2439,,
2016,Work Experience by Education,Part Time,1 or more,"Washington County, Maryland","4,474",,4474,,
2016,Work Experience by Education,Part Time,Associate,"Washington County, Maryland","2,043",,2043,,
2016,Work Experience by Education,Part Time,Bachlor's,"Washington County, Maryland","2,836",,2836,,
2016,Work Experience by Education,Part Time,Master's,"Washington County, Maryland","1,482",,1482,,
2016,Work Experience by Education,Part Time,Professional,"Washington County, Maryland",41,,41,,
2016,Work Experience by Education,Part Time,Doctoral,"Washington County, Maryland",3,,3,,
2016,Work Experience by Education,Full Time,N/A,"Washington County, Maryland",0,,0,,
2016,Work Experience by Education,Full Time,No School,"Washington County, Maryland",732,,732,,
2016,Work Experience by Education,Full Time,Nursery,"Washington County, Maryland",0,,0,,
2016,Work Experience by Education,Full Time,Kindergarten,"Washington County, Maryland",0,,0,,
2016,Work Experience by Education,Full Time,Grade 1,"Washington County, Maryland",0,,0,,
2016,Work Experience by Education,Full Time,Grade 2,"Washington County, Maryland",14,,14,,
2016,Work Experience by Education,Full Time,Grade 3,"Washington County, Maryland",180,,180,,
2016,Work Experience by Education,Full Time,Grade 4,"Washington County, Maryland",7,,7,,
2016,Work Experience by Education,Full Time,Grade 5,"Washington County, Maryland",0,,0,,
2016,Work Experience by Education,Full Time,Grade 6,"Washington County, Maryland",151,,151,,
2016,Work Experience by Education,Full Time,Grade 7,"Washington County, Maryland",47,,47,,
2016,Work Experience by Education,Full Time,Grade 8,"Washington County, Maryland",206,,206,,
2016,Work Experience by Education,Full Time,Grade 9,"Washington County, Maryland","1,857",,1857,,
2016,Work Experience by Education,Full Time,Grade 10,"Washington County, Maryland","3,115",,3115,,
2016,Work Experience by Education,Full Time,Grade 11,"Washington County, Maryland","1,786",,1786,,
2016,Work Experience by Education,Full Time,Grade 12,"Washington County, Maryland","1,621",,1621,,
2016,Work Experience by Education,Full Time,Regular Highschool Diploma,"Washington County, Maryland","41,175",,41175,,
2016,Work Experience by Education,Full Time,GED,"Washington County, Maryland","6,653",,6653,,
2016,Work Experience by Education,Full Time,Some College,"Washington County, Maryland","10,199",,10199,,
2016,Work Experience by Education,Full Time,1 or more,"Washington County, Maryland","17,304",,17304,,
2016,Work Experience by Education,Full Time,Associate,"Washington County, Maryland","10,258",,10258,,
2016,Work Experience by Education,Full Time,Bachlor's,"Washington County, Maryland","17,547",,17547,,
2016,Work Experience by Education,Full Time,Master's,"Washington County, Maryland","7,630",,7630,,
2016,Work Experience by Education,Full Time,Professional,"Washington County, Maryland",937,,937,,
2016,Work Experience by Education,Full Time,Doctoral,"Washington County, Maryland",984,,984,,
2017,Work Experience by Education,Not Working,N/A,"Washington County, Maryland","9,450",,9450,,
2017,Work Experience by Education,Not Working,No School,"Washington County, Maryland","8,442",,8442,,
2017,Work Experience by Education,Not Working,Nursery,"Washington County, Maryland","3,561",,3561,,
2017,Work Experience by Education,Not Working,Kindergarten,"Washington County, Maryland","4,155",,4155,,
2017,Work Experience by Education,Not Working,Grade 1,"Washington County, Maryland","2,914",,2914,,
2017,Work Experience by Education,Not Working,Grade 2,"Washington County, Maryland","3,637",,3637,,
2017,Work Experience by Education,Not Working,Grade 3,"Washington County, Maryland","4,028",,4028,,
2017,Work Experience by Education,Not Working,Grade 4,"Washington County, Maryland","3,208",,3208,,
2017,Work Experience by Education,Not Working,Grade 5,"Washington County, Maryland","5,110",,5110,,
2017,Work Experience by Education,Not Working,Grade 6,"Washington County, Maryland","3,700",,3700,,
2017,Work Experience by Education,Not Working,Grade 7,"Washington County, Maryland","5,232",,5232,,
2017,Work Experience by Education,Not Working,Grade 8,"Washington County, Maryland","6,775",,6775,,
2017,Work Experience by Education,Not Working,Grade 9,"Washington County, Maryland","5,919",,5919,,
2017,Work Experience by Education,Not Working,Grade 10,"Washington County, Maryland","6,176",,6176,,
2017,Work Experience by Education,Not Working,Grade 11,"Washington County, Maryland","7,442",,7442,,
2017,Work Experience by Education,Not Working,Grade 12,"Washington County, Maryland","1,948",,1948,,
2017,Work Experience by Education,Not Working,Regular Highschool Diploma,"Washington County, Maryland","28,599",,28599,,
2017,Work Experience by Education,Not Working,GED,"Washington County, Maryland","7,195",,7195,,
2017,Work Experience by Education,Not Working,Some College,"Washington County, Maryland","7,128",,7128,,
2017,Work Experience by Education,Not Working,1 or more,"Washington County, Maryland","9,223",,9223,,
2017,Work Experience by Education,Not Working,Associate,"Washington County, Maryland","4,976",,4976,,
2017,Work Experience by Education,Not Working,Bachlor's,"Washington County, Maryland","6,338",,6338,,
2017,Work Experience by Education,Not Working,Master's,"Washington County, Maryland","4,266",,4266,,
2017,Work Experience by Education,Not Working,Professional,"Washington County, Maryland",480,,480,,
2017,Work Experience by Education,Not Working,Doctoral,"Washington County, Maryland",326,,326,,
2017,Work Experience by Education,Part Time,N/A,"Washington County, Maryland",0,,0,,
2017,Work Experience by Education,Part Time,No School,"Washington County, Maryland",744,,744,,
2017,Work Experience by Education,Part Time,Nursery,"Washington County, Maryland",0,,0,,
2017,Work Experience by Education,Part Time,Kindergarten,"Washington County, Maryland",39,,39,,
2017,Work Experience by Education,Part Time,Grade 1,"Washington County, Maryland",0,,0,,
2017,Work Experience by Education,Part Time,Grade 2,"Washington County, Maryland",0,,0,,
2017,Work Experience by Education,Part Time,Grade 3,"Washington County, Maryland",0,,0,,
2017,Work Experience by Education,Part Time,Grade 4,"Washington County, Maryland",0,,0,,
2017,Work Experience by Education,Part Time,Grade 5,"Washington County, Maryland",0,,0,,
2017,Work Experience by Education,Part Time,Grade 6,"Washington County, Maryland",0,,0,,
2017,Work Experience by Education,Part Time,Grade 7,"Washington County, Maryland",0,,0,,
2017,Work Experience by Education,Part Time,Grade 8,"Washington County, Maryland",137,,137,,
2017,Work Experience by Education,Part Time,Grade 9,"Washington County, Maryland",348,,348,,
2017,Work Experience by Education,Part Time,Grade 10,"Washington County, Maryland","1,780",,1780,,
2017,Work Experience by Education,Part Time,Grade 11,"Washington County, Maryland","2,004",,2004,,
2017,Work Experience by Education,Part Time,Grade 12,"Washington County, Maryland",425,,425,,
2017,Work Experience by Education,Part Time,Regular Highschool Diploma,"Washington County, Maryland","8,111",,8111,,
2017,Work Experience by Education,Part Time,GED,"Washington County, Maryland",412,,412,,
2017,Work Experience by Education,Part Time,Some College,"Washington County, Maryland","2,180",,2180,,
2017,Work Experience by Education,Part Time,1 or more,"Washington County, Maryland","3,998",,3998,,
2017,Work Experience by Education,Part Time,Associate,"Washington County, Maryland","2,251",,2251,,
2017,Work Experience by Education,Part Time,Bachlor's,"Washington County, Maryland","2,325",,2325,,
2017,Work Experience by Education,Part Time,Master's,"Washington County, Maryland",889,,889,,
2017,Work Experience by Education,Part Time,Professional,"Washington County, Maryland",216,,216,,
2017,Work Experience by Education,Part Time,Doctoral,"Washington County, Maryland",29,,29,,
2017,Work Experience by Education,Full Time,N/A,"Washington County, Maryland",0,,0,,
2017,Work Experience by Education,Full Time,No School,"Washington County, Maryland",302,,302,,
2017,Work Experience by Education,Full Time,Nursery,"Washington County, Maryland",0,,0,,
2017,Work Experience by Education,Full Time,Kindergarten,"Washington County, Maryland",0,,0,,
2017,Work Experience by Education,Full Time,Grade 1,"Washington County, Maryland",0,,0,,
2017,Work Experience by Education,Full Time,Grade 2,"Washington County, Maryland",87,,87,,
2017,Work Experience by Education,Full Time,Grade 3,"Washington County, Maryland",38,,38,,
2017,Work Experience by Education,Full Time,Grade 4,"Washington County, Maryland",7,,7,,
2017,Work Experience by Education,Full Time,Grade 5,"Washington County, Maryland",0,,0,,
2017,Work Experience by Education,Full Time,Grade 6,"Washington County, Maryland",259,,259,,
2017,Work Experience by Education,Full Time,Grade 7,"Washington County, Maryland",43,,43,,
2017,Work Experience by Education,Full Time,Grade 8,"Washington County, Maryland",660,,660,,
2017,Work Experience by Education,Full Time,Grade 9,"Washington County, Maryland","2,179",,2179,,
2017,Work Experience by Education,Full Time,Grade 10,"Washington County, Maryland","2,679",,2679,,
2017,Work Experience by Education,Full Time,Grade 11,"Washington County, Maryland","3,069",,3069,,
2017,Work Experience by Education,Full Time,Grade 12,"Washington County, Maryland","1,237",,1237,,
2017,Work Experience by Education,Full Time,Regular Highschool Diploma,"Washington County, Maryland","34,128",,34128,,
2017,Work Experience by Education,Full Time,GED,"Washington County, Maryland","3,818",,3818,,
2017,Work Experience by Education,Full Time,Some College,"Washington County, Maryland","11,919",,11919,,
2017,Work Experience by Education,Full Time,1 or more,"Washington County, Maryland","16,856",,16856,,
2017,Work Experience by Education,Full Time,Associate,"Washington County, Maryland","12,535",,12535,,
2017,Work Experience by Education,Full Time,Bachlor's,"Washington County, Maryland","21,391",,21391,,
2017,Work Experience by Education,Full Time,Master's,"Washington County, Maryland","10,422",,10422,,
2017,Work Experience by Education,Full Time,Professional,"Washington County, Maryland","1,156",,1156,,
2017,Work Experience by Education,Full Time,Doctoral,"Washington County, Maryland","1,106",,1106,,
2015,Work Experience by Poverty,Not Working,0-25,"Washington County, Maryland","23,874",,23874,,
2015,Work Experience by Poverty,Not Working,26-50,"Washington County, Maryland","4,220",,4220,,
2015,Work Experience by Poverty,Not Working,51-75,"Washington County, Maryland","6,705",,6705,,
2015,Work Experience by Poverty,Not Working,76-100,"Washington County, Maryland","8,090",,8090,,
2015,Work Experience by Poverty,Not Working,100-500,"Washington County, Maryland","83,621",,83621,,
2015,Work Experience by Poverty,Not Working,501,"Washington County, Maryland","22,448",,22448,,
2015,Work Experience by Poverty,Part Time,0-25,"Washington County, Maryland",930,,930,,
2015,Work Experience by Poverty,Part Time,26-50,"Washington County, Maryland",673,,673,,
2015,Work Experience by Poverty,Part Time,51-75,"Washington County, Maryland",445,,445,,
2015,Work Experience by Poverty,Part Time,76-100,"Washington County, Maryland",849,,849,,
2015,Work Experience by Poverty,Part Time,100-500,"Washington County, Maryland","12,994",,12994,,
2015,Work Experience by Poverty,Part Time,501,"Washington County, Maryland","6,351",,6351,,
2015,Work Experience by Poverty,Full Time,0-25,"Washington County, Maryland","3,625",,3625,,
2015,Work Experience by Poverty,Full Time,26-50,"Washington County, Maryland",852,,852,,
2015,Work Experience by Poverty,Full Time,51-75,"Washington County, Maryland","1,600",,1600,,
2015,Work Experience by Poverty,Full Time,76-100,"Washington County, Maryland","2,836",,2836,,
2015,Work Experience by Poverty,Full Time,100-500,"Washington County, Maryland","75,528",,75528,,
2015,Work Experience by Poverty,Full Time,501,"Washington County, Maryland","43,600",,43600,,
2016,Work Experience by Poverty,Not Working,0-25,"Washington County, Maryland","25,056",,25056,,
2016,Work Experience by Poverty,Not Working,26-50,"Washington County, Maryland","4,914",,4914,,
2016,Work Experience by Poverty,Not Working,51-75,"Washington County, Maryland","6,604",,6604,,
2016,Work Experience by Poverty,Not Working,76-100,"Washington County, Maryland","6,913",,6913,,
2016,Work Experience by Poverty,Not Working,100-500,"Washington County, Maryland","89,572",,89572,,
2016,Work Experience by Poverty,Not Working,501,"Washington County, Maryland","20,651",,20651,,
2016,Work Experience by Poverty,Part Time,0-25,"Washington County, Maryland",670,,670,,
2016,Work Experience by Poverty,Part Time,26-50,"Washington County, Maryland",977,,977,,
2016,Work Experience by Poverty,Part Time,51-75,"Washington County, Maryland",446,,446,,
2016,Work Experience by Poverty,Part Time,76-100,"Washington County, Maryland","1,299",,1299,,
2016,Work Experience by Poverty,Part Time,100-500,"Washington County, Maryland","15,276",,15276,,
2016,Work Experience by Poverty,Part Time,501,"Washington County, Maryland","5,290",,5290,,
2016,Work Experience by Poverty,Full Time,0-25,"Washington County, Maryland","2,259",,2259,,
2016,Work Experience by Poverty,Full Time,26-50,"Washington County, Maryland",557,,557,,
2016,Work Experience by Poverty,Full Time,51-75,"Washington County, Maryland","1,842",,1842,,
2016,Work Experience by Poverty,Full Time,76-100,"Washington County, Maryland","3,054",,3054,,
2016,Work Experience by Poverty,Full Time,100-500,"Washington County, Maryland","75,570",,75570,,
2016,Work Experience by Poverty,Full Time,501,"Washington County, Maryland","39,121",,39121,,
2017,Work Experience by Poverty,Not Working,0-25,"Washington County, Maryland","22,402",,22402,,
2017,Work Experience by Poverty,Not Working,26-50,"Washington County, Maryland","5,613",,5613,,
2017,Work Experience by Poverty,Not Working,51-75,"Washington County, Maryland","8,917",,8917,,
2017,Work Experience by Poverty,Not Working,76-100,"Washington County, Maryland","5,644",,5644,,
2017,Work Experience by Poverty,Not Working,100-500,"Washington County, Maryland","83,182",,83182,,
2017,Work Experience by Poverty,Not Working,501,"Washington County, Maryland","24,470",,24470,,
2017,Work Experience by Poverty,Part Time,0-25,"Washington County, Maryland","1,416",,1416,,
2017,Work Experience by Poverty,Part Time,26-50,"Washington County, Maryland","1,370",,1370,,
2017,Work Experience by Poverty,Part Time,51-75,"Washington County, Maryland",991,,991,,
2017,Work Experience by Poverty,Part Time,76-100,"Washington County, Maryland","1,321",,1321,,
2017,Work Experience by Poverty,Part Time,100-500,"Washington County, Maryland","14,305",,14305,,
2017,Work Experience by Poverty,Part Time,501,"Washington County, Maryland","6,485",,6485,,
2017,Work Experience by Poverty,Full Time,0-25,"Washington County, Maryland","2,351",,2351,,
2017,Work Experience by Poverty,Full Time,26-50,"Washington County, Maryland","1,249",,1249,,
2017,Work Experience by Poverty,Full Time,51-75,"Washington County, Maryland","1,929",,1929,,
2017,Work Experience by Poverty,Full Time,76-100,"Washington County, Maryland","1,920",,1920,,
2017,Work Experience by Poverty,Full Time,100-500,"Washington County, Maryland","69,181",,69181,,
2017,Work Experience by Poverty,Full Time,501,"Washington County, Maryland","47,261",,47261,,
2016,Work Experience by Poverty,Not Working,0-25,"Baltimore County, Maryland","64,128",,64128,,
2016,Work Experience by Poverty,Not Working,26-50,"Baltimore County, Maryland","17,079",,17079,,
2016,Work Experience by Poverty,Not Working,51-75,"Baltimore County, Maryland","20,623",,20623,,
2016,Work Experience by Poverty,Not Working,76-100,"Baltimore County, Maryland","26,928",,26928,,
2016,Work Experience by Poverty,Not Working,100-500,"Baltimore County, Maryland","424,395",,424395,,
2016,Work Experience by Poverty,Not Working,501,"Baltimore County, Maryland","182,949",,182949,,
2016,Work Experience by Poverty,Part Time,0-25,"Baltimore County, Maryland","16,766",,16766,,
2016,Work Experience by Poverty,Part Time,26-50,"Baltimore County, Maryland","4,664",,4664,,
2016,Work Experience by Poverty,Part Time,51-75,"Baltimore County, Maryland","3,870",,3870,,
2016,Work Experience by Poverty,Part Time,76-100,"Baltimore County, Maryland","5,666",,5666,,
2016,Work Experience by Poverty,Part Time,100-500,"Baltimore County, Maryland","69,925",,69925,,
2016,Work Experience by Poverty,Part Time,501,"Baltimore County, Maryland","45,185",,45185,,
2016,Work Experience by Poverty,Full Time,0-25,"Baltimore County, Maryland","9,130",,9130,,
2016,Work Experience by Poverty,Full Time,26-50,"Baltimore County, Maryland","5,870",,5870,,
2016,Work Experience by Poverty,Full Time,51-75,"Baltimore County, Maryland","6,052",,6052,,
2016,Work Experience by Poverty,Full Time,76-100,"Baltimore County, Maryland","11,316",,11316,,
2016,Work Experience by Poverty,Full Time,100-500,"Baltimore County, Maryland","377,150",,377150,,
2016,Work Experience by Poverty,Full Time,501,"Baltimore County, Maryland","363,189",,363189,,
2017,Work Experience by Poverty,Not Working,0-25,"Baltimore County, Maryland","63,603",,63603,,
2017,Work Experience by Poverty,Not Working,26-50,"Baltimore County, Maryland","12,947",,12947,,
2017,Work Experience by Poverty,Not Working,51-75,"Baltimore County, Maryland","24,382",,24382,,
2017,Work Experience by Poverty,Not Working,76-100,"Baltimore County, Maryland","22,172",,22172,,
2017,Work Experience by Poverty,Not Working,100-500,"Baltimore County, Maryland","437,394",,437394,,
2017,Work Experience by Poverty,Not Working,501,"Baltimore County, Maryland","182,784",,182784,,
2017,Work Experience by Poverty,Part Time,0-25,"Baltimore County, Maryland","15,924",,15924,,
2017,Work Experience by Poverty,Part Time,26-50,"Baltimore County, Maryland","5,365",,5365,,
2017,Work Experience by Poverty,Part Time,51-75,"Baltimore County, Maryland","6,978",,6978,,
2017,Work Experience by Poverty,Part Time,76-100,"Baltimore County, Maryland","3,948",,3948,,
2017,Work Experience by Poverty,Part Time,100-500,"Baltimore County, Maryland","68,989",,68989,,
2017,Work Experience by Poverty,Part Time,501,"Baltimore County, Maryland","45,418",,45418,,
2017,Work Experience by Poverty,Full Time,0-25,"Baltimore County, Maryland","9,206",,9206,,
2017,Work Experience by Poverty,Full Time,26-50,"Baltimore County, Maryland","4,047",,4047,,
2017,Work Experience by Poverty,Full Time,51-75,"Baltimore County, Maryland","6,614",,6614,,
2017,Work Experience by Poverty,Full Time,76-100,"Baltimore County, Maryland","9,989",,9989,,
2017,Work Experience by Poverty,Full Time,100-500,"Baltimore County, Maryland","383,335",,383335,,
2017,Work Experience by Poverty,Full Time,501,"Baltimore County, Maryland","358,462",,358462,,
